Report Date,Borough,Borough_id,Borough_cd_id,Census Type,Adult Family Comm Hotel,Adult Family Shelter,Adult Shelter,Adult Shelter Comm Hotel,Family Cluster,Family with Children Comm Hotel,Family with Chidren Shelter,,,,,
07/31/2018,Bronx,2,201,Individuals,,183,219,,169,74,1206,,,,,
07/31/2018,Bronx,2,202,Individuals,,184,,,244,,960,,,,,
07/31/2018,Bronx,2,203,Individuals,,146,424,,260,280,1347,,,,,
07/31/2018,Bronx,2,204,Individuals,,,419,62,1655,,1970,,,,Borough_id,Borough_cd_id
07/31/2018,Bronx,2,205,Individuals,,264,493,,925,,1045,,,,,
07/31/2018,Bronx,2,206,Individuals,,52,120,69,524,,2161,,,,,
07/31/2018,Bronx,2,207,Individuals,,96,391,,395,,320,,,,,
07/31/2018,Bronx,2,208,Individuals,,,,,,,274,,,,,
07/31/2018,Bronx,2,209,Individuals,,,101,,561,,212,,,,,
07/31/2018,Bronx,2,210,Individuals,,,,,,,575,,,,,
07/31/2018,Bronx,2,211,Individuals,,,,,,,,,,,,
07/31/2018,Bronx,2,212,Individuals,,,98,,270,,299,,,,,
08/31/2018,Bronx,2,201,Individuals,,184,212,,160,76,1231,,,,,
08/31/2018,Bronx,2,202,Individuals,,188,,,266,,967,,,,,
08/31/2018,Bronx,2,203,Individuals,,154,426,,242,300,1361,,,,,
08/31/2018,Bronx,2,204,Individuals,,,431,74,1601,,1947,,,,,
08/31/2018,Bronx,2,205,Individuals,,264,492,,898,,1067,,,,,
08/31/2018,Bronx,2,206,Individuals,,84,121,80,544,,2252,,,,,
08/31/2018,Bronx,2,207,Individuals,,95,539,,409,,336,,,,,
08/31/2018,Bronx,2,208,Individuals,,,,,,,272,,,,,
08/31/2018,Bronx,2,209,Individuals,,,100,,526,,223,,,,,
08/31/2018,Bronx,2,210,Individuals,,,,,,,578,,,,,
08/31/2018,Bronx,2,211,Individuals,,,,,,,,,,,,
08/31/2018,Bronx,2,212,Individuals,,,107,,277,,300,,,,,
09/30/2018,Bronx,2,201,Individuals,,172,220,,170,80,1223,,,,,
09/30/2018,Bronx,2,202,Individuals,,188,,,290,,953,,,,,
09/30/2018,Bronx,2,203,Individuals,,162,426,,270,302,1342,,,,,
09/30/2018,Bronx,2,204,Individuals,,,438,74,1617,,1984,,,,,
09/30/2018,Bronx,2,205,Individuals,,271,496,,908,,1074,,,,,
09/30/2018,Bronx,2,206,Individuals,,96,119,77,556,,2246,,,,,
09/30/2018,Bronx,2,207,Individuals,,102,615,,384,,326,,,,,
09/30/2018,Bronx,2,208,Individuals,,,,,,,265,,,,,
09/30/2018,Bronx,2,209,Individuals,,,101,,493,,232,,,,,
09/30/2018,Bronx,2,210,Individuals,,,,,,,593,,,,,
09/30/2018,Bronx,2,211,Individuals,,,,,,,,,,,,
09/30/2018,Bronx,2,212,Individuals,,,108,,275,,294,,,,,
11/30/2018,Bronx,2,204,Individuals,,,438,74,1586,,1937,,,,,
10/31/2018,Bronx,2,206,Individuals,,104,124,80,553,,2293,,,,,
10/31/2018,Bronx,2,210,Individuals,,,,,,,591,,,,,
10/31/2018,Bronx,2,208,Individuals,,,,,,,274,,,,,
10/31/2018,Bronx,2,202,Individuals,,200,,,252,,974,,,,,
01/31/2019,Bronx,2,204,Individuals,,,425,76,1502,,1969,,,,,
12/31/2018,Bronx,2,207,Individuals,,115,615,,392,,321,,,,,
11/30/2018,Bronx,2,205,Individuals,,279,496,,926,,1049,,,,,
10/31/2018,Bronx,2,211,Individuals,,,,,,,,,,,,
01/31/2019,Bronx,2,207,Individuals,,111,627,,368,,326,,,,,
11/30/2018,Bronx,2,211,Individuals,,,,,,,,,,,,
10/31/2018,Bronx,2,209,Individuals,,,99,,500,,227,,,,,
10/31/2018,Bronx,2,201,Individuals,,182,223,,173,79,1210,,,,,
01/31/2019,Bronx,2,212,Individuals,,,108,,177,,292,,,,,
11/30/2018,Bronx,2,208,Individuals,,,,,,,251,,,,,
01/31/2019,Bronx,2,209,Individuals,,,101,,505,,226,,,,,
01/31/2019,Bronx,2,203,Individuals,,252,392,,196,292,1412,,,,,
12/31/2018,Bronx,2,203,Individuals,,243,369,,262,298,1404,,,,,
11/30/2018,Bronx,2,207,Individuals,,114,628,,411,,331,,,,,
01/31/2019,Bronx,2,208,Individuals,,,,,,,246,,,,,
10/31/2018,Bronx,2,205,Individuals,,269,493,,921,,1060,,,,,
11/30/2018,Bronx,2,202,Individuals,,198,,,258,,963,,,,,
11/30/2018,Bronx,2,203,Individuals,,174,416,,261,295,1393,,,,,
01/31/2019,Bronx,2,211,Individuals,,,,,,,,,,,,
01/31/2019,Bronx,2,210,Individuals,,,,,,,596,,,,,
12/31/2018,Bronx,2,201,Individuals,,174,218,,174,87,1246,,,,,
12/31/2018,Bronx,2,209,Individuals,,,100,,489,,221,,,,,
11/30/2018,Bronx,2,210,Individuals,,,,,,,593,,,,,
12/31/2018,Bronx,2,202,Individuals,,193,,,264,,958,,,,,
01/31/2019,Bronx,2,202,Individuals,,198,,,249,,901,,,,,
12/31/2018,Bronx,2,210,Individuals,,,,,,,600,,,,,
10/31/2018,Bronx,2,204,Individuals,,,433,76,1594,,1962,,,,,
10/31/2018,Bronx,2,207,Individuals,,112,628,,395,,326,,,,,
01/31/2019,Bronx,2,201,Individuals,,177,220,,172,84,1271,,,,,
12/31/2018,Bronx,2,206,Individuals,,100,113,87,522,,2260,,,,,
12/31/2018,Bronx,2,211,Individuals,,,,,,,,,,,,
01/31/2019,Bronx,2,205,Individuals,,275,497,,913,,1056,,,,,
11/30/2018,Bronx,2,212,Individuals,,,108,,268,,300,,,,,
12/31/2018,Bronx,2,208,Individuals,,,,,,,255,,,,,
11/30/2018,Bronx,2,209,Individuals,,,100,,509,,228,,,,,
11/30/2018,Bronx,2,206,Individuals,,104,112,87,532,,2253,,,,,
12/31/2018,Bronx,2,204,Individuals,,,426,76,1514,,1974,,,,,
12/31/2018,Bronx,2,205,Individuals,,279,498,,903,,1041,,,,,
01/31/2019,Bronx,2,206,Individuals,,102,124,90,507,,2318,,,,,
12/31/2018,Bronx,2,212,Individuals,,,107,,252,,289,,,,,
10/31/2018,Bronx,2,212,Individuals,,,108,,272,,294,,,,,
10/31/2018,Bronx,2,203,Individuals,,166,429,,261,296,1363,,,,,
11/30/2018,Bronx,2,201,Individuals,,184,224,,169,87,1253,,,,,
04/30/2019,Bronx,2,211,Individuals,,,,,,,,,,,,
04/30/2019,Bronx,2,205,Individuals,,273,493,,894,,1056,,,,,
04/30/2019,Bronx,2,201,Individuals,,179,214,,167,87,1271,,,,,
04/30/2019,Bronx,2,207,Individuals,,111,623,,240,,312,,,,,
04/30/2019,Bronx,2,204,Individuals,,,440,76,1357,,1975,,,,,
04/30/2019,Bronx,2,202,Individuals,,185,,,236,,786,,,,,
04/30/2019,Bronx,2,209,Individuals,,,101,,475,,219,,,,,
04/30/2019,Bronx,2,206,Individuals,,84,125,89,404,,2212,,,,,
04/30/2019,Bronx,2,212,Individuals,,,105,,,,277,,,,,
04/30/2019,Bronx,2,203,Individuals,,283,455,,144,279,1379,,,,,
04/30/2019,Bronx,2,208,Individuals,,,,,,,250,,,,,
04/30/2019,Bronx,2,210,Individuals,,,,,,,598,,,,,
05/31/2019,Bronx,2,202,Individuals,,184,,,250,,787,,,,,
05/31/2019,Bronx,2,210,Individuals,,,,,,,603,,,,,
04/10/2019,Bronx,2,212,Individuals,,,108,,,,274,,,,,
04/10/2019,Bronx,2,206,Individuals,,86,124,91,410,,2222,,,,,
04/30/2019,Bronx,2,211,Individuals,,,,,,,,,,,,
06/30/2019,Bronx,2,205,Individuals,,245,495,,901,,1089,,,,,
04/10/2019,Bronx,2,203,Individuals,,291,431,,154,283,1408,,,,,
05/31/2019,Bronx,2,201,Individuals,,179,217,,169,76,1276,,,,,
04/10/2019,Bronx,2,207,Individuals,,111,616,,247,,310,,,,,
04/30/2019,Bronx,2,205,Individuals,,273,493,,894,,1056,,,,,
05/31/2019,Bronx,2,209,Individuals,,,100,,463,,213,,,,,
05/31/2019,Bronx,2,207,Individuals,,114,616,,256,,319,,,,,
04/10/2019,Bronx,2,208,Individuals,,,,,,,242,,,,,
06/30/2019,Bronx,2,204,Individuals,,,433,71,1222,,2086,,,,,
06/30/2019,Bronx,2,201,Individuals,,183,217,,165,66,1256,,,,,
04/10/2019,Bronx,2,201,Individuals,,188,220,,174,82,1281,,,,,
06/30/2019,Bronx,2,207,Individuals,,111,614,,264,,316,,,,,
04/30/2019,Bronx,2,201,Individuals,,179,214,,167,87,1271,,,,,
04/30/2019,Bronx,2,207,Individuals,,111,623,,240,,312,,,,,
05/31/2019,Bronx,2,208,Individuals,,,,,,,247,,,,,
04/10/2019,Bronx,2,209,Individuals,,,101,,495,,224,,,,,
04/30/2019,Bronx,2,204,Individuals,,,440,76,1357,,1975,,,,,
04/30/2019,Bronx,2,202,Individuals,,185,,,236,,786,,,,,
05/31/2019,Bronx,2,203,Individuals,,312,472,,143,277,1360,,,,,
04/10/2019,Bronx,2,210,Individuals,,,,,,,589,,,,,
06/30/2019,Bronx,2,211,Individuals,,,,,,,,,,,,
04/10/2019,Bronx,2,211,Individuals,,,,,,,,,,,,
06/30/2019,Bronx,2,202,Individuals,,199,,,244,,795,,,,,
04/30/2019,Bronx,2,209,Individuals,,,101,,475,,219,,,,,
05/31/2019,Bronx,2,205,Individuals,,247,493,,893,,1059,,,,,
06/30/2019,Bronx,2,203,Individuals,,316,460,,145,278,1383,,,,,
06/30/2019,Bronx,2,210,Individuals,,,,,,,598,,,,,
05/31/2019,Bronx,2,206,Individuals,,88,99,91,403,,2260,,,,,
04/10/2019,Bronx,2,202,Individuals,,176,,,234,,794,,,,,
04/10/2019,Bronx,2,205,Individuals,,279,496,,893,,1065,,,,,
04/30/2019,Bronx,2,206,Individuals,,84,125,89,404,,2212,,,,,
06/30/2019,Bronx,2,212,Individuals,,,106,,,,284,,,,,
04/10/2019,Bronx,2,204,Individuals,,,441,73,1368,,1954,,,,,
04/30/2019,Bronx,2,212,Individuals,,,105,,,,277,,,,,
06/30/2019,Bronx,2,208,Individuals,,,,,,,264,,,,,
05/31/2019,Bronx,2,211,Individuals,,,,,,,,,,,,
05/31/2019,Bronx,2,204,Individuals,,,412,74,1194,,2105,,,,,
06/30/2019,Bronx,2,209,Individuals,,,101,,490,,209,,,,,
04/30/2019,Bronx,2,203,Individuals,,283,455,,144,279,1379,,,,,
04/30/2019,Bronx,2,208,Individuals,,,,,,,250,,,,,
04/30/2019,Bronx,2,210,Individuals,,,,,,,598,,,,,
06/30/2019,Bronx,2,206,Individuals,,84,91,84,379,,2273,,,,,
05/31/2019,Bronx,2,212,Individuals,,,106,,,,287,,,,,
08/31/2019,Bronx,2,201,Individuals,,180,220,,167,77,1269,,,,,
08/31/2019,Bronx,2,202,Individuals,,196,,,248,,802,,,,,
08/31/2019,Bronx,2,203,Individuals,,332,518,,151,282,1386,,,,,
08/31/2019,Bronx,2,204,Individuals,,,439,73,1207,,2031,,,,,
08/31/2019,Bronx,2,205,Individuals,,240,496,,888,,1084,,,,,
08/31/2019,Bronx,2,206,Individuals,,64,108,86,335,,2253,,,,,
08/31/2019,Bronx,2,207,Individuals,,109,622,,254,,313,,,,,
08/31/2019,Bronx,2,208,Individuals,,,,,,,245,,,,,
08/31/2019,Bronx,2,209,Individuals,,,101,,465,,217,,,,,
08/31/2019,Bronx,2,210,Individuals,,,,,,,581,,,,,
08/31/2019,Bronx,2,211,Individuals,,,,,,,,,,,,
08/31/2019,Bronx,2,212,Individuals,,,105,,,,281,,,,,
09/30/2019,Bronx,2,201,Individuals,,187,222,,159,84,1264,,,,,
09/30/2019,Bronx,2,202,Individuals,,197,,,229,,811,,,,,
09/30/2019,Bronx,2,203,Individuals,,338,588,,150,276,1389,,,,,
09/30/2019,Bronx,2,204,Individuals,,,425,72,1065,,2044,,,,,
09/30/2019,Bronx,2,205,Individuals,,238,494,,913,,1089,,,,,
09/30/2019,Bronx,2,206,Individuals,,94,127,93,355,,2312,,,,,
09/30/2019,Bronx,2,207,Individuals,,110,627,,263,,311,,,,,
09/30/2019,Bronx,2,208,Individuals,,,,,,,246,,,,,
09/30/2019,Bronx,2,209,Individuals,,,99,,468,,223,,,,,
09/30/2019,Bronx,2,210,Individuals,,,,,,,585,,,,,
09/30/2019,Bronx,2,211,Individuals,,,,,,,,,,,,
09/30/2019,Bronx,2,212,Individuals,,,107,,,,279,,,,,
10/31/2019,Bronx,2,201,Individuals,,188,218,,166,90,1251,,,,,
10/31/2019,Bronx,2,202,Individuals,,191,,,250,,815,,,,,
10/31/2019,Bronx,2,203,Individuals,,340,604,,153,289,1395,,,,,
10/31/2019,Bronx,2,204,Individuals,,,436,76,1079,,2054,,,,,
10/31/2019,Bronx,2,205,Individuals,,248,493,,897,,1102,,,,,
10/31/2019,Bronx,2,206,Individuals,,109,115,90,348,,2245,,,,,
10/31/2019,Bronx,2,207,Individuals,,114,622,,275,,324,,,,,
10/31/2019,Bronx,2,208,Individuals,,,,,,,251,,,,,
10/31/2019,Bronx,2,209,Individuals,,,101,,469,,233,,,,,
10/31/2019,Bronx,2,210,Individuals,,,,,,,593,,,,,
10/31/2019,Bronx,2,211,Individuals,,,,,,,,,,,,
10/31/2019,Bronx,2,212,Individuals,,,106,,,,255,,,,,
11/30/2019,Bronx,2,201,Individuals,,189,219,,147,84,1254,,,,,
11/30/2019,Bronx,2,202,Individuals,,194,,,244,,824,,,,,
11/30/2019,Bronx,2,203,Individuals,,338,551,,142,293,1463,,,,,
11/30/2019,Bronx,2,204,Individuals,,,437,76,1108,,2051,,,,,
11/30/2019,Bronx,2,205,Individuals,,246,493,,927,,1114,,,,,
11/30/2019,Bronx,2,206,Individuals,,108,106,93,336,,2300,,,,,
11/30/2019,Bronx,2,207,Individuals,,112,623,,275,,325,,,,,
11/30/2019,Bronx,2,208,Individuals,,,,,,,258,,,,,
11/30/2019,Bronx,2,209,Individuals,,,101,,485,,189,,,,,
11/30/2019,Bronx,2,210,Individuals,,,,,,,578,,,,,
11/30/2019,Bronx,2,211,Individuals,,,,,,,,,,,,
11/30/2019,Bronx,2,212,Individuals,,,107,,,,274,,,,,
12/31/2020,Bronx,2,201,Individuals,,188,216,,114,84,1234,,,,,
12/31/2020,Bronx,2,202,Individuals,,187,,,237,,828,,,,,
12/31/2020,Bronx,2,203,Individuals,,334,585,,144,296,1473,,,,,
12/31/2020,Bronx,2,204,Individuals,,,428,66,1078,,2014,,,,,
12/31/2020,Bronx,2,205,Individuals,,246,487,,909,,1163,,,,,
12/31/2020,Bronx,2,206,Individuals,,105,102,93,283,,2253,,,,,
12/31/2020,Bronx,2,207,Individuals,,112,619,,272,,327,,,,,
12/31/2020,Bronx,2,208,Individuals,,,,,,,253,,,,,
12/31/2020,Bronx,2,209,Individuals,,,101,,464,,189,,,,,
12/31/2020,Bronx,2,210,Individuals,,,,,,,587,,,,,
12/31/2020,Bronx,2,211,Individuals,,,,,,,,,,,,
12/31/2020,Bronx,2,212,Individuals,,,103,,,,276,,,,,
07/31/2018,Brooklyn,3,301,Individuals,,164,682,,,109,,,,,,
07/31/2018,Brooklyn,3,302,Individuals,,205,386,,,,71,,,,,
07/31/2018,Brooklyn,3,303,Individuals,,,562,,242,171,647,,,,,
07/31/2018,Brooklyn,3,304,Individuals,,,364,65,60,175,811,,,,,
07/31/2018,Brooklyn,3,305,Individuals,,,849,259,2,238,819,,,,,
07/31/2018,Brooklyn,3,306,Individuals,,,97,286,,,,,,,,
07/31/2018,Brooklyn,3,307,Individuals,,,188,88,,538,13,,,,,
07/31/2018,Brooklyn,3,308,Individuals,,48,571,,40,116,518,,,,,
07/31/2018,Brooklyn,3,309,Individuals,,,362,,24,,428,,,,,
07/31/2018,Brooklyn,3,310,Individuals,,,,,,,,,,,,
07/31/2018,Brooklyn,3,311,Individuals,,,,,,,,,,,,
07/31/2018,Brooklyn,3,312,Individuals,,,,,,,164,,,,,
07/31/2018,Brooklyn,3,313,Individuals,,,,,,77,,,,,,
07/31/2018,Brooklyn,3,314,Individuals,,,,,,,98,,,,,
07/31/2018,Brooklyn,3,315,Individuals,,40,,,,,211,,,,,
07/31/2018,Brooklyn,3,316,Individuals,,,664,118,21,352,2486,,,,,
07/31/2018,Brooklyn,3,317,Individuals,,,,137,11,,796,,,,,
07/31/2018,Brooklyn,3,318,Individuals,,361,,,,,865,,,,,
08/31/2018,Brooklyn,3,301,Individuals,,172,668,,,105,,,,,,
08/31/2018,Brooklyn,3,302,Individuals,,191,383,,,,72,,,,,
08/31/2018,Brooklyn,3,303,Individuals,,,558,,233,205,704,,,,,
08/31/2018,Brooklyn,3,304,Individuals,,,363,65,64,181,796,,,,,
08/31/2018,Brooklyn,3,305,Individuals,,,843,259,,238,830,,,,,
08/31/2018,Brooklyn,3,306,Individuals,,,96,278,,,,,,,,
08/31/2018,Brooklyn,3,307,Individuals,,,182,87,,554,13,,,,,
08/31/2018,Brooklyn,3,308,Individuals,,50,543,,42,126,517,,,,,
08/31/2018,Brooklyn,3,309,Individuals,,,345,,20,,438,,,,,
08/31/2018,Brooklyn,3,310,Individuals,,,,,,,,,,,,
08/31/2018,Brooklyn,3,311,Individuals,,,,,,,,,,,,
08/31/2018,Brooklyn,3,312,Individuals,,,,,,,155,,,,,
08/31/2018,Brooklyn,3,313,Individuals,,,,,,68,,,,,,
08/31/2018,Brooklyn,3,314,Individuals,,,,,,,97,,,,,
08/31/2018,Brooklyn,3,315,Individuals,,,,,,,218,,,,,
08/31/2018,Brooklyn,3,316,Individuals,,,663,120,17,374,2508,,,,,
08/31/2018,Brooklyn,3,317,Individuals,,,,133,,,820,,,,,
08/31/2018,Brooklyn,3,318,Individuals,,373,,,,,871,,,,,
09/30/2018,Brooklyn,3,301,Individuals,,144,684,,,107,,,,,,
09/30/2018,Brooklyn,3,302,Individuals,,208,389,,,,77,,,,,
09/30/2018,Brooklyn,3,303,Individuals,,,566,,247,197,700,,,,,
09/30/2018,Brooklyn,3,304,Individuals,,,371,66,57,179,785,,,,,
09/30/2018,Brooklyn,3,305,Individuals,,,871,258,,253,844,,,,,
09/30/2018,Brooklyn,3,306,Individuals,,,99,286,,,,,,,,
09/30/2018,Brooklyn,3,307,Individuals,,,186,88,,547,13,,,,,
09/30/2018,Brooklyn,3,308,Individuals,,60,578,,42,121,513,,,,,
09/30/2018,Brooklyn,3,309,Individuals,,,357,,22,,438,,,,,
09/30/2018,Brooklyn,3,310,Individuals,,,,,,,,,,,,
09/30/2018,Brooklyn,3,311,Individuals,,,,,,,,,,,,
09/30/2018,Brooklyn,3,312,Individuals,,,,,,,158,,,,,
09/30/2018,Brooklyn,3,313,Individuals,,,,,,72,,,,,,
09/30/2018,Brooklyn,3,314,Individuals,,,,,,,96,,,,,
09/30/2018,Brooklyn,3,315,Individuals,,,,,,,217,,,,,
09/30/2018,Brooklyn,3,316,Individuals,,,659,114,19,378,2596,,,,,
09/30/2018,Brooklyn,3,317,Individuals,,,,138,,,858,,,,,
09/30/2018,Brooklyn,3,318,Individuals,,370,,,,,882,,,,,
11/30/2018,Brooklyn,3,307,Individuals,,,185,87,,506,13,,,,,
01/31/2019,Brooklyn,3,313,Individuals,,,,,,74,,,,,,
01/31/2019,Brooklyn,3,311,Individuals,,,,,,,,,,,,
01/31/2019,Brooklyn,3,310,Individuals,,,,,,,,,,,,
01/31/2019,Brooklyn,3,301,Individuals,,155,691,,,99,,,,,,
12/31/2018,Brooklyn,3,313,Individuals,,,,,,71,,,,,,
10/31/2018,Brooklyn,3,315,Individuals,,,,,,,213,,,,,
11/30/2018,Brooklyn,3,301,Individuals,,164,660,,,103,,,,,,
11/30/2018,Brooklyn,3,304,Individuals,,,366,63,63,166,821,,,,,
01/31/2019,Brooklyn,3,315,Individuals,,,,,,,213,,,,,
11/30/2018,Brooklyn,3,311,Individuals,,,,,,,,,,,,
11/30/2018,Brooklyn,3,315,Individuals,,,,,,,224,,,,,
11/30/2018,Brooklyn,3,316,Individuals,,,661,117,24,393,2557,,,,,
12/31/2018,Brooklyn,3,316,Individuals,,,652,116,24,384,2530,,,,,
12/31/2018,Brooklyn,3,308,Individuals,,66,529,35,31,,513,,,,,
12/31/2018,Brooklyn,3,302,Individuals,,180,370,,,,73,,,,,
10/31/2018,Brooklyn,3,311,Individuals,,,,,,,,,,,,
12/31/2018,Brooklyn,3,315,Individuals,,,,,,,221,,,,,
10/31/2018,Brooklyn,3,313,Individuals,,,,,,63,,,,,,
12/31/2018,Brooklyn,3,303,Individuals,,,568,,255,188,667,,,,,
12/31/2018,Brooklyn,3,309,Individuals,,,360,,25,,408,,,,,
11/30/2018,Brooklyn,3,305,Individuals,,,889,254,,265,862,,,,,
01/31/2019,Brooklyn,3,317,Individuals,,,,138,,,904,,,,,
12/31/2018,Brooklyn,3,312,Individuals,,,,,,,155,,,,,
01/31/2019,Brooklyn,3,302,Individuals,,192,379,,,,72,,,,,
12/31/2018,Brooklyn,3,307,Individuals,,,184,86,,523,10,,,,,
01/31/2019,Brooklyn,3,308,Individuals,,64,576,83,31,,514,,,,,
01/31/2019,Brooklyn,3,307,Individuals,,,181,103,,534,12,,,,,
12/31/2018,Brooklyn,3,310,Individuals,,,,,,,,,,,,
01/31/2019,Brooklyn,3,305,Individuals,,,983,258,,270,847,,,,,
01/31/2019,Brooklyn,3,316,Individuals,,,664,117,24,397,2556,,,,,
10/31/2018,Brooklyn,3,304,Individuals,,,369,62,53,180,811,,,,,
01/31/2019,Brooklyn,3,303,Individuals,,,567,,258,211,677,,,,,
10/31/2018,Brooklyn,3,302,Individuals,,205,389,,,,76,,,,,
12/31/2018,Brooklyn,3,306,Individuals,,,100,375,,,,,,,,
11/30/2018,Brooklyn,3,317,Individuals,,,,137,,,886,,,,,
12/31/2018,Brooklyn,3,314,Individuals,,,,,,,96,,,,,
11/30/2018,Brooklyn,3,309,Individuals,,,360,,27,,424,,,,,
01/31/2019,Brooklyn,3,309,Individuals,,,358,,23,,415,,,,,
11/30/2018,Brooklyn,3,302,Individuals,,197,378,,,,75,,,,,
11/30/2018,Brooklyn,3,310,Individuals,,,,,,,,,,,,
11/30/2018,Brooklyn,3,306,Individuals,,,99,281,,,,,,,,
10/31/2018,Brooklyn,3,316,Individuals,,,650,119,23,381,2584,,,,,
11/30/2018,Brooklyn,3,308,Individuals,,58,525,,40,113,512,,,,,
01/31/2019,Brooklyn,3,318,Individuals,,365,,,,,867,,,,,
12/31/2018,Brooklyn,3,305,Individuals,,,937,259,,266,840,,,,,
10/31/2018,Brooklyn,3,306,Individuals,,,100,286,,,,,,,,
10/31/2018,Brooklyn,3,310,Individuals,,,,,,,,,,,,
10/31/2018,Brooklyn,3,318,Individuals,,374,,,,,875,,,,,
01/31/2019,Brooklyn,3,312,Individuals,,,,,,,150,,,,,
11/30/2018,Brooklyn,3,314,Individuals,,,,,,,97,,,,,
10/31/2018,Brooklyn,3,317,Individuals,,,,137,,,866,,,,,
12/31/2018,Brooklyn,3,311,Individuals,,,,,,,,,,,,
10/31/2018,Brooklyn,3,308,Individuals,,66,520,,37,118,517,,,,,
10/31/2018,Brooklyn,3,312,Individuals,,,,,,,155,,,,,
12/31/2018,Brooklyn,3,304,Individuals,,,368,64,60,161,822,,,,,
10/31/2018,Brooklyn,3,309,Individuals,,,359,,20,,426,,,,,
01/31/2019,Brooklyn,3,306,Individuals,,,100,429,,,,,,,,
12/31/2018,Brooklyn,3,317,Individuals,,,,136,,,898,,,,,
11/30/2018,Brooklyn,3,312,Individuals,,,,,,,156,,,,,
10/31/2018,Brooklyn,3,303,Individuals,,,549,,249,203,652,,,,,
11/30/2018,Brooklyn,3,303,Individuals,,,561,,246,187,678,,,,,
10/31/2018,Brooklyn,3,305,Individuals,,,867,262,,269,858,,,,,
12/31/2018,Brooklyn,3,301,Individuals,,160,684,,,106,,,,,,
01/31/2019,Brooklyn,3,314,Individuals,,,,,,,98,,,,,
11/30/2018,Brooklyn,3,313,Individuals,,,,,,76,,,,,,
10/31/2018,Brooklyn,3,301,Individuals,,166,702,,,105,,,,,,
11/30/2018,Brooklyn,3,318,Individuals,,363,,,,,864,,,,,
10/31/2018,Brooklyn,3,307,Individuals,,,188,87,,527,13,,,,,
10/31/2018,Brooklyn,3,314,Individuals,,,,,,,96,,,,,
12/31/2018,Brooklyn,3,318,Individuals,,363,,,,,848,,,,,
01/31/2019,Brooklyn,3,304,Individuals,,,369,63,67,174,834,,,,,
04/30/2019,Brooklyn,3,304,Individuals,,,362,61,52,159,828,,,,,
04/30/2019,Brooklyn,3,307,Individuals,,,189,101,,470,12,,,,,
04/30/2019,Brooklyn,3,310,Individuals,,,,,,,,,,,,
04/30/2019,Brooklyn,3,309,Individuals,,,366,,,,414,,,,,
04/30/2019,Brooklyn,3,317,Individuals,,,,135,,,892,,,,,
04/30/2019,Brooklyn,3,301,Individuals,,152,673,,,91,,,,,,
04/30/2019,Brooklyn,3,306,Individuals,,,100,427,,,,,,,,
04/30/2019,Brooklyn,3,315,Individuals,,,,,,,207,,,,,
04/30/2019,Brooklyn,3,308,Individuals,,66,493,90,,,502,,,,,
04/30/2019,Brooklyn,3,312,Individuals,,,,,,,146,,,,,
04/30/2019,Brooklyn,3,313,Individuals,,,,,,79,,,,,,
04/30/2019,Brooklyn,3,302,Individuals,,189,383,,,,76,,,,,
04/30/2019,Brooklyn,3,311,Individuals,,,,,,,,,,,,
04/30/2019,Brooklyn,3,303,Individuals,,,569,,245,187,670,,,,,
04/30/2019,Brooklyn,3,305,Individuals,,,925,256,,261,856,,,,,
04/30/2019,Brooklyn,3,318,Individuals,,367,,,,,835,,,,,
04/30/2019,Brooklyn,3,314,Individuals,,,,,,,96,,,,,
04/30/2019,Brooklyn,3,316,Individuals,,,658,114,,377,2543,,,,,
05/31/2019,Brooklyn,3,313,Individuals,,,,,,87,,,,,,
05/31/2019,Brooklyn,3,315,Individuals,,,,,,,214,,,,,
04/30/2019,Brooklyn,3,304,Individuals,,,362,61,52,159,828,,,,,
04/30/2019,Brooklyn,3,307,Individuals,,,189,101,,470,12,,,,,
06/30/2019,Brooklyn,3,306,Individuals,,,94,420,,,,,,,,
05/31/2019,Brooklyn,3,318,Individuals,,356,,,,,830,,,,,
04/30/2019,Brooklyn,3,310,Individuals,,,,,,,,,,,,
05/31/2019,Brooklyn,3,311,Individuals,,,,,,,,,,,,
04/30/2019,Brooklyn,3,309,Individuals,,,366,,,,414,,,,,
05/31/2019,Brooklyn,3,305,Individuals,,,869,249,,264,860,,,,,
06/30/2019,Brooklyn,3,314,Individuals,,,,,,,97,,,,,
04/30/2019,Brooklyn,3,317,Individuals,,,,135,,,892,,,,,
06/30/2019,Brooklyn,3,305,Individuals,,,891,243,,237,807,,,,,
04/30/2019,Brooklyn,3,301,Individuals,,152,673,,,91,,,,,,
06/30/2019,Brooklyn,3,301,Individuals,,155,635,,,82,,,,,,
04/10/2019,Brooklyn,3,305,Individuals,,,917,256,,254,857,,,,,
04/10/2019,Brooklyn,3,302,Individuals,,177,377,,,,77,,,,,
04/30/2019,Brooklyn,3,306,Individuals,,,100,427,,,,,,,,
05/31/2019,Brooklyn,3,314,Individuals,,,,,,,89,,,,,
04/10/2019,Brooklyn,3,314,Individuals,,,,,,,97,,,,,
04/10/2019,Brooklyn,3,316,Individuals,,,662,117,,364,2483,,,,,
04/10/2019,Brooklyn,3,313,Individuals,,,,,,62,,,,,,
04/30/2019,Brooklyn,3,315,Individuals,,,,,,,207,,,,,
06/30/2019,Brooklyn,3,315,Individuals,,,,,,,209,,,,,
04/10/2019,Brooklyn,3,311,Individuals,,,,,,,,,,,,
04/10/2019,Brooklyn,3,308,Individuals,,66,519,87,,,500,,,,,
05/31/2019,Brooklyn,3,302,Individuals,,194,375,,,,72,,,,,
04/10/2019,Brooklyn,3,303,Individuals,,,566,,227,158,644,,,,,
05/31/2019,Brooklyn,3,303,Individuals,,,545,,244,176,655,,,,,
04/30/2019,Brooklyn,3,308,Individuals,,66,493,90,,,502,,,,,
05/31/2019,Brooklyn,3,309,Individuals,,,358,,,,422,,,,,
06/30/2019,Brooklyn,3,316,Individuals,,,653,105,,352,2542,,,,,
05/31/2019,Brooklyn,3,310,Individuals,,,,,,,,,,,,
04/30/2019,Brooklyn,3,312,Individuals,,,,,,,146,,,,,
04/30/2019,Brooklyn,3,313,Individuals,,,,,,79,,,,,,
04/10/2019,Brooklyn,3,318,Individuals,,363,,,,,842,,,,,
05/31/2019,Brooklyn,3,312,Individuals,,,,,,,118,,,,,
04/10/2019,Brooklyn,3,301,Individuals,,150,668,,,89,,,,,,
04/30/2019,Brooklyn,3,302,Individuals,,189,383,,,,76,,,,,
04/10/2019,Brooklyn,3,304,Individuals,,,372,61,55,173,822,,,,,
04/30/2019,Brooklyn,3,311,Individuals,,,,,,,,,,,,
04/30/2019,Brooklyn,3,303,Individuals,,,569,,245,187,670,,,,,
06/30/2019,Brooklyn,3,311,Individuals,,,,,,,,,,,,
06/30/2019,Brooklyn,3,318,Individuals,,361,,,,,831,,,,,
06/30/2019,Brooklyn,3,317,Individuals,,,,136,,,882,,,,,
04/10/2019,Brooklyn,3,310,Individuals,,,,,,,,,,,,
04/10/2019,Brooklyn,3,309,Individuals,,,355,,,,422,,,,,
06/30/2019,Brooklyn,3,303,Individuals,,,561,,244,177,652,,,,,
05/31/2019,Brooklyn,3,301,Individuals,,125,649,,,75,,,,,,
06/30/2019,Brooklyn,3,304,Individuals,,,367,60,56,153,828,,,,,
04/10/2019,Brooklyn,3,317,Individuals,,,,132,,,878,,,,,
05/31/2019,Brooklyn,3,308,Individuals,,64,495,86,,,515,,,,,
04/30/2019,Brooklyn,3,305,Individuals,,,925,256,,261,856,,,,,
05/31/2019,Brooklyn,3,316,Individuals,,,656,107,,334,2498,,,,,
04/10/2019,Brooklyn,3,315,Individuals,,,,,,,223,,,,,
04/30/2019,Brooklyn,3,318,Individuals,,367,,,,,835,,,,,
06/30/2019,Brooklyn,3,302,Individuals,,166,375,,,,71,,,,,
06/30/2019,Brooklyn,3,309,Individuals,,,355,,,,417,,,,,
05/31/2019,Brooklyn,3,317,Individuals,,,,135,,,890,,,,,
06/30/2019,Brooklyn,3,312,Individuals,,,,,,,120,,,,,
06/30/2019,Brooklyn,3,313,Individuals,,,,,,117,,,,,,
04/10/2019,Brooklyn,3,306,Individuals,,,98,424,,,,,,,,
05/31/2019,Brooklyn,3,307,Individuals,,,181,99,,478,10,,,,,
04/30/2019,Brooklyn,3,314,Individuals,,,,,,,96,,,,,
06/30/2019,Brooklyn,3,310,Individuals,,,,,,,,,,,,
05/31/2019,Brooklyn,3,304,Individuals,,,359,57,60,161,838,,,,,
04/10/2019,Brooklyn,3,307,Individuals,,,187,102,,494,12,,,,,
06/30/2019,Brooklyn,3,307,Individuals,,,185,100,,475,10,,,,,
04/10/2019,Brooklyn,3,312,Individuals,,,,,,,140,,,,,
06/30/2019,Brooklyn,3,308,Individuals,,62,435,90,,,461,,,,,
05/31/2019,Brooklyn,3,306,Individuals,,,97,422,,,,,,,,
04/30/2019,Brooklyn,3,316,Individuals,,,658,114,,377,2543,,,,,
08/31/2019,Brooklyn,3,301,Individuals,,158,668,,,103,,,,,,
08/31/2019,Brooklyn,3,302,Individuals,,193,377,,,,64,,,,,
08/31/2019,Brooklyn,3,303,Individuals,,,564,,238,201,645,,,,,
08/31/2019,Brooklyn,3,304,Individuals,,,391,55,63,161,836,,,,,
08/31/2019,Brooklyn,3,305,Individuals,,,920,246,,269,832,,,,,
08/31/2019,Brooklyn,3,306,Individuals,,,97,419,,,,,,,,
08/31/2019,Brooklyn,3,307,Individuals,,,187,99,,579,10,,,,,
08/31/2019,Brooklyn,3,308,Individuals,,56,464,85,,,494,,,,,
08/31/2019,Brooklyn,3,309,Individuals,,,360,,,,428,,,,,
08/31/2019,Brooklyn,3,310,Individuals,,,,,,,,,,,,
08/31/2019,Brooklyn,3,311,Individuals,,,,,,,,,,,,
08/31/2019,Brooklyn,3,312,Individuals,,,23,,,,127,,,,,
08/31/2019,Brooklyn,3,313,Individuals,,,,,,129,,,,,,
08/31/2019,Brooklyn,3,314,Individuals,,,,,,,99,,,,,
08/31/2019,Brooklyn,3,315,Individuals,,,,,,,206,,,,,
08/31/2019,Brooklyn,3,316,Individuals,,,650,104,,388,2567,,,,,
08/31/2019,Brooklyn,3,317,Individuals,,,,134,,,878,,,,,
08/31/2019,Brooklyn,3,318,Individuals,,363,,,,,844,,,,,
09/30/2019,Brooklyn,3,301,Individuals,,166,657,,,93,,,,,,
09/30/2019,Brooklyn,3,302,Individuals,,186,375,,,,70,,,,,
09/30/2019,Brooklyn,3,303,Individuals,,,570,,244,205,665,,,,,
09/30/2019,Brooklyn,3,304,Individuals,,,403,57,60,174,840,,,,,
09/30/2019,Brooklyn,3,305,Individuals,,,934,238,,271,854,,,,,
09/30/2019,Brooklyn,3,306,Individuals,,,99,418,,,,,,,,
09/30/2019,Brooklyn,3,307,Individuals,,,185,96,,612,13,,,,,
09/30/2019,Brooklyn,3,308,Individuals,,64,518,89,,,502,,,,,
09/30/2019,Brooklyn,3,309,Individuals,,,359,,,,440,,,,,
09/30/2019,Brooklyn,3,310,Individuals,,,,,,,,,,,,
09/30/2019,Brooklyn,3,311,Individuals,,,,,,,,,,,,
09/30/2019,Brooklyn,3,312,Individuals,,,85,,,,127,,,,,
09/30/2019,Brooklyn,3,313,Individuals,,,,,,135,,,,,,
09/30/2019,Brooklyn,3,314,Individuals,,,,,,,96,,,,,
09/30/2019,Brooklyn,3,315,Individuals,,,,,,,204,,,,,
09/30/2019,Brooklyn,3,316,Individuals,,,664,111,,389,2549,,,,,
09/30/2019,Brooklyn,3,317,Individuals,,,,134,,,882,,,,,
09/30/2019,Brooklyn,3,318,Individuals,,364,,,,,844,,,,,
10/31/2019,Brooklyn,3,301,Individuals,,163,708,,,96,,,,,,
10/31/2019,Brooklyn,3,302,Individuals,,183,377,,,,71,,,,,
10/31/2019,Brooklyn,3,303,Individuals,,,561,,254,214,668,,,,,
10/31/2019,Brooklyn,3,304,Individuals,,,398,60,65,173,849,,,,,
10/31/2019,Brooklyn,3,305,Individuals,,,946,248,,266,835,,,,,
10/31/2019,Brooklyn,3,306,Individuals,,,96,417,,,,,,,,
10/31/2019,Brooklyn,3,307,Individuals,,,189,100,,646,13,,,,,
10/31/2019,Brooklyn,3,308,Individuals,,68,511,90,,,497,,,,,
10/31/2019,Brooklyn,3,309,Individuals,,,357,,,,443,,,,,
10/31/2019,Brooklyn,3,310,Individuals,,,,,,,,,,,,
10/31/2019,Brooklyn,3,311,Individuals,,,,,,,,,,,,
10/31/2019,Brooklyn,3,312,Individuals,,,123,,,,129,,,,,
10/31/2019,Brooklyn,3,313,Individuals,,,,,,140,,,,,,
10/31/2019,Brooklyn,3,314,Individuals,,,,,,,98,,,,,
10/31/2019,Brooklyn,3,315,Individuals,,,,,,,204,,,,,
10/31/2019,Brooklyn,3,316,Individuals,,,660,110,,386,2554,,,,,
10/31/2019,Brooklyn,3,317,Individuals,,,,135,,,863,,,,,
10/31/2019,Brooklyn,3,318,Individuals,,367,,,,,837,,,,,
11/30/2019,Brooklyn,3,301,Individuals,,152,679,,,95,,,,,,
11/30/2019,Brooklyn,3,302,Individuals,,184,377,,,,70,,,,,
11/30/2019,Brooklyn,3,303,Individuals,,,570,,243,211,638,,,,,
11/30/2019,Brooklyn,3,304,Individuals,,,398,62,66,173,864,,,,,
11/30/2019,Brooklyn,3,305,Individuals,,,951,252,,262,861,,,,,
11/30/2019,Brooklyn,3,306,Individuals,,,99,421,,,,,,,,
11/30/2019,Brooklyn,3,307,Individuals,,,186,96,,634,,,,,,
11/30/2019,Brooklyn,3,308,Individuals,,64,546,89,,,492,,,,,
11/30/2019,Brooklyn,3,309,Individuals,,,355,,,,433,,,,,
11/30/2019,Brooklyn,3,310,Individuals,,,,,,,,,,,,
11/30/2019,Brooklyn,3,311,Individuals,,,,,,,,,,,,
11/30/2019,Brooklyn,3,312,Individuals,,,128,,,,132,,,,,
11/30/2019,Brooklyn,3,313,Individuals,,,,,,139,,,,,,
11/30/2019,Brooklyn,3,314,Individuals,,,,,,,97,,,,,
11/30/2019,Brooklyn,3,315,Individuals,,,,,,,213,,,,,
11/30/2019,Brooklyn,3,316,Individuals,,,654,113,,409,2570,,,,,
11/30/2019,Brooklyn,3,317,Individuals,,,,135,,,714,,,,,
11/30/2019,Brooklyn,3,318,Individuals,,361,,,,,850,,,,,
12/31/2020,Brooklyn,3,301,Individuals,,160,670,,,95,,,,,,
12/31/2020,Brooklyn,3,302,Individuals,,210,372,,,,64,,,,,
12/31/2020,Brooklyn,3,303,Individuals,,,444,,235,213,613,,,,,
12/31/2020,Brooklyn,3,304,Individuals,,,397,53,69,162,854,,,,,
12/31/2020,Brooklyn,3,305,Individuals,,,910,242,,248,835,,,,,
12/31/2020,Brooklyn,3,306,Individuals,,,92,420,,,,,,,,
12/31/2020,Brooklyn,3,307,Individuals,,,176,99,,617,,,,,,
12/31/2020,Brooklyn,3,308,Individuals,,64,528,87,,,488,,,,,
12/31/2020,Brooklyn,3,309,Individuals,,,349,,,,447,,,,,
12/31/2020,Brooklyn,3,310,Individuals,,,,,,,,,,,,
12/31/2020,Brooklyn,3,311,Individuals,,,,,,,,,,,,
12/31/2020,Brooklyn,3,312,Individuals,,,114,,,,133,,,,,
12/31/2019,Brooklyn,3,313,Individuals,,,,,,132,,,,,,
12/31/2019,Brooklyn,3,314,Individuals,,,,,,,92,,,,,
12/31/2019,Brooklyn,3,315,Individuals,,,,,,,203,,,,,
12/31/2019,Brooklyn,3,316,Individuals,,,634,103,,405,2565,,,,,
12/31/2019,Brooklyn,3,317,Individuals,,,,129,,,695,,,,,
12/31/2019,Brooklyn,3,318,Individuals,,365,,,,,835,,,,,
07/31/2018,Manhattan,1,101,Individuals,,,,,,132,,,,,,
07/31/2018,Manhattan,1,102,Individuals,,,,,,,,,,,,
07/31/2018,Manhattan,1,103,Individuals,,,882,244,36,231,383,,,,,
07/31/2018,Manhattan,1,104,Individuals,,304,267,,,596,,,,,,
07/31/2018,Manhattan,1,105,Individuals,,260,,,,1796,324,,,,,
07/31/2018,Manhattan,1,106,Individuals,,,989,,,,,,,,,
07/31/2018,Manhattan,1,107,Individuals,,186,309,,,110,606,,,,,
07/31/2018,Manhattan,1,108,Individuals,,,78,,,,,,,,,
07/31/2018,Manhattan,1,109,Individuals,,67,,,55,,792,,,,,
07/31/2018,Manhattan,1,110,Individuals,,398,558,,46,,851,,,,,
07/31/2018,Manhattan,1,111,Individuals,,,1144,,255,,686,,,,,
07/31/2018,Manhattan,1,112,Individuals,,,289,,,120,,,,,,
08/31/2018,Manhattan,1,101,Individuals,,,,,,140,,,,,,
08/31/2018,Manhattan,1,102,Individuals,,,,,,,,,,,,
08/31/2018,Manhattan,1,103,Individuals,,,876,239,40,222,367,,,,,
08/31/2018,Manhattan,1,104,Individuals,,300,263,,,624,,,,,,
08/31/2018,Manhattan,1,105,Individuals,,281,,,,1815,335,,,,,
08/31/2018,Manhattan,1,106,Individuals,,,991,,,,,,,,,
08/31/2018,Manhattan,1,107,Individuals,,176,304,,,112,579,,,,,
08/31/2018,Manhattan,1,108,Individuals,,,80,,,,,,,,,
08/31/2018,Manhattan,1,109,Individuals,,75,,,50,,798,,,,,
08/31/2018,Manhattan,1,110,Individuals,,400,553,,50,,887,,,,,
08/31/2018,Manhattan,1,111,Individuals,,,1167,,268,,663,,,,,
08/31/2018,Manhattan,1,112,Individuals,,,286,,,121,,,,,,
09/30/2018,Manhattan,1,101,Individuals,,,,,,143,,,,,,
09/30/2018,Manhattan,1,102,Individuals,,,,,,,,,,,,
09/30/2018,Manhattan,1,103,Individuals,,,898,244,37,229,369,,,,,
09/30/2018,Manhattan,1,104,Individuals,,300,266,,,622,,,,,,
09/30/2018,Manhattan,1,105,Individuals,,299,,,,1865,352,,,,,
09/30/2018,Manhattan,1,106,Individuals,,,987,,,,,,,,,
09/30/2018,Manhattan,1,107,Individuals,,172,312,,,115,583,,,,,
09/30/2018,Manhattan,1,108,Individuals,,,80,,,,,,,,,
09/30/2018,Manhattan,1,109,Individuals,,74,,,55,,779,,,,,
09/30/2018,Manhattan,1,110,Individuals,,397,566,,45,,863,,,,,
09/30/2018,Manhattan,1,111,Individuals,,,1167,,248,,666,,,,,
09/30/2018,Manhattan,1,112,Individuals,,,290,,,108,,,,,,
11/30/2018,Manhattan,1,107,Individuals,,144,312,,,109,589,,,,,
01/31/2019,Manhattan,1,106,Individuals,,322,930,,,,,,,,,
12/31/2018,Manhattan,1,101,Individuals,,,,,,134,,,,,,
12/31/2018,Manhattan,1,112,Individuals,,,285,,,119,,,,,,
11/30/2018,Manhattan,1,110,Individuals,,401,565,,50,,876,,,,,
01/31/2019,Manhattan,1,111,Individuals,,411,1370,,280,,670,,,,,
12/31/2018,Manhattan,1,104,Individuals,,304,265,,,640,,,,,,
10/31/2018,Manhattan,1,103,Individuals,,,890,245,35,221,372,,,,,
01/31/2019,Manhattan,1,108,Individuals,,34,79,,,,,,,,,
10/31/2018,Manhattan,1,112,Individuals,,,291,,,109,,,,,,
11/30/2018,Manhattan,1,101,Individuals,,,,,,119,,,,,,
12/31/2018,Manhattan,1,107,Individuals,,26,310,,,112,597,,,,,
12/31/2018,Manhattan,1,108,Individuals,,,79,,,,,,,,,
10/31/2018,Manhattan,1,101,Individuals,,,,,,144,,,,,,
01/31/2019,Manhattan,1,101,Individuals,,,,,,145,,,,,,
12/31/2018,Manhattan,1,106,Individuals,,,887,,,,,,,,,
12/31/2018,Manhattan,1,111,Individuals,,,1349,,268,,672,,,,,
01/31/2019,Manhattan,1,103,Individuals,,,877,242,33,226,375,,,,,
11/30/2018,Manhattan,1,104,Individuals,,303,267,,,608,,,,,,
10/31/2018,Manhattan,1,108,Individuals,,,80,,,,,,,,,
11/30/2018,Manhattan,1,105,Individuals,,291,,,,1841,353,,,,,
11/30/2018,Manhattan,1,111,Individuals,,,1335,,260,,674,,,,,
10/31/2018,Manhattan,1,111,Individuals,,,1289,,244,,663,,,,,
01/31/2019,Manhattan,1,109,Individuals,,,,,54,2,791,,,,,
12/31/2018,Manhattan,1,109,Individuals,,78,,,52,,761,,,,,
01/31/2019,Manhattan,1,104,Individuals,,,265,,,649,,,,,,
10/31/2018,Manhattan,1,106,Individuals,,,968,,,,,,,,,
01/31/2019,Manhattan,1,110,Individuals,,78,559,,49,,841,,,,,
01/31/2019,Manhattan,1,105,Individuals,,308,,,,2055,357,,,,,
01/31/2019,Manhattan,1,102,Individuals,,,,,,,,,,,,
11/30/2018,Manhattan,1,106,Individuals,,,969,,,,,,,,,
12/31/2018,Manhattan,1,103,Individuals,,,886,242,33,223,366,,,,,
11/30/2018,Manhattan,1,109,Individuals,,76,,,52,,767,,,,,
12/31/2018,Manhattan,1,105,Individuals,,320,,,,1861,345,,,,,
11/30/2018,Manhattan,1,108,Individuals,,,78,,,,,,,,,
10/31/2018,Manhattan,1,104,Individuals,,299,268,,,605,,,,,,
10/31/2018,Manhattan,1,105,Individuals,,297,,,,1900,353,,,,,
10/31/2018,Manhattan,1,109,Individuals,,74,,,55,,769,,,,,
01/31/2019,Manhattan,1,112,Individuals,,,292,,,113,,,,,,
11/30/2018,Manhattan,1,102,Individuals,,,,,,,,,,,,
10/31/2018,Manhattan,1,110,Individuals,,407,568,,44,,872,,,,,
12/31/2018,Manhattan,1,110,Individuals,,411,564,,50,,869,,,,,
10/31/2018,Manhattan,1,102,Individuals,,,,,,,,,,,,
01/31/2019,Manhattan,1,107,Individuals,,,311,,,113,588,,,,,
11/30/2018,Manhattan,1,112,Individuals,,,289,,,120,,,,,,
11/30/2018,Manhattan,1,103,Individuals,,,886,243,32,226,376,,,,,
10/31/2018,Manhattan,1,107,Individuals,,188,311,,,118,599,,,,,
12/31/2018,Manhattan,1,102,Individuals,,,,,,,,,,,,
04/30/2019,Manhattan,1,103,Individuals,,,906,233,31,163,370,,,,,
04/30/2019,Manhattan,1,109,Individuals,,81,,,55,,754,,,,,
04/30/2019,Manhattan,1,106,Individuals,,,952,,,,,,,,,
04/30/2019,Manhattan,1,102,Individuals,,,,,,,,,,,,
04/30/2019,Manhattan,1,101,Individuals,,,,,,138,,,,,,
04/30/2019,Manhattan,1,105,Individuals,,311,,,,1710,349,,,,,
04/30/2019,Manhattan,1,104,Individuals,,299,265,,,601,,,,,,
04/30/2019,Manhattan,1,110,Individuals,,403,553,,53,,825,,,,,
04/30/2019,Manhattan,1,111,Individuals,,,1375,,267,,684,,,,,
04/30/2019,Manhattan,1,112,Individuals,,,289,,,111,,,,,,
04/30/2019,Manhattan,1,108,Individuals,,,80,,,,,,,,,
04/30/2019,Manhattan,1,107,Individuals,,96,212,,,,610,,,,,
06/30/2019,Manhattan,1,112,Individuals,,,282,,,93,,,,,,
05/31/2019,Manhattan,1,111,Individuals,,,1260,,267,,666,,,,,
04/30/2019,Manhattan,1,103,Individuals,,,906,233,31,163,370,,,,,
04/10/2019,Manhattan,1,112,Individuals,,,289,,,118,,,,,,
04/30/2019,Manhattan,1,109,Individuals,,81,,,55,,754,,,,,
06/30/2019,Manhattan,1,111,Individuals,,,1335,,270,,633,,,,,
06/30/2019,Manhattan,1,109,Individuals,,45,,,50,,766,,,,,
05/31/2019,Manhattan,1,105,Individuals,,297,,,,1619,341,,,,,
04/30/2019,Manhattan,1,106,Individuals,,,952,,,,,,,,,
04/10/2019,Manhattan,1,106,Individuals,,,941,,,,,,,,,
06/30/2019,Manhattan,1,108,Individuals,,,79,,,,,,,,,
04/10/2019,Manhattan,1,110,Individuals,,405,562,,50,,832,,,,,
04/30/2019,Manhattan,1,102,Individuals,,,,,,,,,,,,
04/30/2019,Manhattan,1,101,Individuals,,,,,,138,,,,,,
06/30/2019,Manhattan,1,101,Individuals,,,,,,128,,,,,,
04/30/2019,Manhattan,1,105,Individuals,,311,,,,1710,349,,,,,
04/10/2019,Manhattan,1,105,Individuals,,291,,,,1771,345,,,,,
04/30/2019,Manhattan,1,104,Individuals,,299,265,,,601,,,,,,
04/10/2019,Manhattan,1,104,Individuals,,286,259,,,604,,,,,,
06/30/2019,Manhattan,1,110,Individuals,,394,558,,42,,861,,,,,
05/31/2019,Manhattan,1,106,Individuals,,,859,,,,,,,,,
05/31/2019,Manhattan,1,103,Individuals,,,862,224,32,148,376,,,,,
04/10/2019,Manhattan,1,108,Individuals,,,77,,,,,,,,,
04/30/2019,Manhattan,1,110,Individuals,,403,553,,53,,825,,,,,
06/30/2019,Manhattan,1,103,Individuals,,,891,234,36,152,387,,,,,
05/31/2019,Manhattan,1,112,Individuals,,,285,,,112,,,,,,
05/31/2019,Manhattan,1,110,Individuals,,412,560,,44,,834,,,,,
06/30/2019,Manhattan,1,107,Individuals,,195,311,,,,588,,,,,
04/10/2019,Manhattan,1,109,Individuals,,81,,,50,,759,,,,,
04/30/2019,Manhattan,1,111,Individuals,,,1375,,267,,684,,,,,
05/31/2019,Manhattan,1,107,Individuals,,224,212,,,,614,,,,,
05/31/2019,Manhattan,1,101,Individuals,,,,,,127,,,,,,
05/31/2019,Manhattan,1,109,Individuals,,50,,,55,,773,,,,,
06/30/2019,Manhattan,1,105,Individuals,,330,,,,1712,346,,,,,
05/31/2019,Manhattan,1,102,Individuals,,,,,,,,,,,,
05/31/2019,Manhattan,1,104,Individuals,,290,265,,,576,,,,,,
04/10/2019,Manhattan,1,103,Individuals,,,883,243,31,211,379,,,,,
04/30/2019,Manhattan,1,112,Individuals,,,289,,,111,,,,,,
05/31/2019,Manhattan,1,108,Individuals,,,79,,,,,,,,,
06/30/2019,Manhattan,1,102,Individuals,,,,,,,,,,,,
04/10/2019,Manhattan,1,107,Individuals,,97,312,,,39,621,,,,,
06/30/2019,Manhattan,1,106,Individuals,,,856,,,,,,,,,
06/30/2019,Manhattan,1,104,Individuals,,249,261,,,564,,,,,,
04/30/2019,Manhattan,1,108,Individuals,,,80,,,,,,,,,
04/10/2019,Manhattan,1,102,Individuals,,,,,,,,,,,,
04/10/2019,Manhattan,1,101,Individuals,,,,,,141,,,,,,
04/30/2019,Manhattan,1,107,Individuals,,96,212,,,,610,,,,,
04/10/2019,Manhattan,1,111,Individuals,,,1352,,259,,666,,,,,
08/31/2019,Manhattan,1,101,Individuals,,,,,,133,,,,,,
08/31/2019,Manhattan,1,102,Individuals,,,,,,,,,,,,
08/31/2019,Manhattan,1,103,Individuals,,,765,238,32,141,361,,,,,
08/31/2019,Manhattan,1,104,Individuals,,255,305,,,617,,,,,,
08/31/2019,Manhattan,1,105,Individuals,,325,,,,1967,335,,,,,
08/31/2019,Manhattan,1,106,Individuals,,,807,,,,,,,,,
08/31/2019,Manhattan,1,107,Individuals,,194,309,,,,601,,,,,
08/31/2019,Manhattan,1,108,Individuals,,,80,,,,,,,,,
08/31/2019,Manhattan,1,109,Individuals,,,,,51,,774,,,,,
08/31/2019,Manhattan,1,110,Individuals,,376,554,,55,,836,,,,,
08/31/2019,Manhattan,1,111,Individuals,,,1350,,272,,647,,,,,
08/31/2019,Manhattan,1,112,Individuals,,,284,,,118,,,,,,
09/30/2019,Manhattan,1,101,Individuals,,,,,,143,,,,,,
09/30/2019,Manhattan,1,102,Individuals,,,,,,,,,,,,
09/30/2019,Manhattan,1,103,Individuals,,,787,238,32,146,368,,,,,
09/30/2019,Manhattan,1,104,Individuals,,145,342,,,630,,,,,,
09/30/2019,Manhattan,1,105,Individuals,,320,,,,2046,347,,,,,
09/30/2019,Manhattan,1,106,Individuals,,,845,,,,,,,,,
09/30/2019,Manhattan,1,107,Individuals,,198,307,,,,620,,,,,
09/30/2019,Manhattan,1,108,Individuals,,,76,,,,,,,,,
09/30/2019,Manhattan,1,109,Individuals,,,,,53,,800,,,,,
09/30/2019,Manhattan,1,110,Individuals,,398,563,,52,,847,,,,,
09/30/2019,Manhattan,1,111,Individuals,,,1366,,280,,663,,,,,
09/30/2019,Manhattan,1,112,Individuals,,,286,,,121,,,,,,
10/31/2019,Manhattan,1,101,Individuals,,,,,,144,,,,,,
10/31/2019,Manhattan,1,102,Individuals,,,,,,,,,,,,
10/31/2019,Manhattan,1,103,Individuals,,,779,237,39,153,380,,,,,
10/31/2019,Manhattan,1,104,Individuals,,90,378,,,642,,,,,,
10/31/2019,Manhattan,1,105,Individuals,,317,,,,2100,359,,,,,
10/31/2019,Manhattan,1,106,Individuals,,,865,,,,,,,,,
10/31/2019,Manhattan,1,107,Individuals,,212,192,,,,611,,,,,
10/31/2019,Manhattan,1,108,Individuals,,,80,,,,,,,,,
10/31/2019,Manhattan,1,109,Individuals,,,,,55,,785,,,,,
10/31/2019,Manhattan,1,110,Individuals,,408,553,,55,,854,,,,,
10/31/2019,Manhattan,1,111,Individuals,,,1349,,260,,678,,,,,
10/31/2019,Manhattan,1,112,Individuals,,,284,,,120,,,,,,
11/30/2019,Manhattan,1,101,Individuals,,,,,,144,,,,,,
11/30/2019,Manhattan,1,102,Individuals,,,,,,,,,,,,
11/30/2019,Manhattan,1,103,Individuals,,,747,237,37,159,360,,,,,
11/30/2019,Manhattan,1,104,Individuals,,76,386,,,650,,,,,,
11/30/2019,Manhattan,1,105,Individuals,,329,,,,2100,340,,,,,
11/30/2019,Manhattan,1,106,Individuals,,,908,,,,,,,,,
11/30/2019,Manhattan,1,107,Individuals,,214,250,,,,632,,,,,
11/30/2019,Manhattan,1,108,Individuals,,,78,,,,,,,,,
11/30/2019,Manhattan,1,109,Individuals,,,,,39,,787,,,,,
11/30/2019,Manhattan,1,110,Individuals,,396,559,,39,,857,,,,,
11/30/2019,Manhattan,1,111,Individuals,,,1345,,212,,662,,,,,
11/30/2019,Manhattan,1,112,Individuals,,,321,,,119,,,,,,
12/31/2019,Manhattan,1,101,Individuals,,,,,,141,,,,,,
12/31/2019,Manhattan,1,102,Individuals,,,,,,,,,,,,
12/31/2019,Manhattan,1,103,Individuals,,,709,240,33,145,351,,,,,
12/31/2019,Manhattan,1,104,Individuals,,67,382,,,606,,,,,,
12/31/2019,Manhattan,1,105,Individuals,,319,,,,2095,351,,,,,
12/31/2019,Manhattan,1,106,Individuals,,,933,,,,,,,,,
12/31/2019,Manhattan,1,107,Individuals,,212,300,,,,598,,,,,
12/31/2019,Manhattan,1,108,Individuals,,,79,,,,,,,,,
12/31/2019,Manhattan,1,109,Individuals,,,,,33,,752,,,,,
12/31/2019,Manhattan,1,110,Individuals,,407,549,,29,,852,,,,,
12/31/2019,Manhattan,1,111,Individuals,,,1314,,165,,628,,,,,
12/31/2019,Manhattan,1,112,Individuals,,,383,,,129,,,,,,
07/31/2018,Queens,4,401,Individuals,,,200,,,227,335,,,,,
07/31/2018,Queens,4,402,Individuals,,106,,53,,332,230,,,,,
07/31/2018,Queens,4,403,Individuals,,,,90,,,881,,,,,
07/31/2018,Queens,4,404,Individuals,,,,135,,109,369,,,,,
07/31/2018,Queens,4,405,Individuals,,,,94,,,,,,,,
07/31/2018,Queens,4,406,Individuals,,,,,,,,,,,,
07/31/2018,Queens,4,407,Individuals,,,100,,,137,,,,,,
07/31/2018,Queens,4,408,Individuals,,,,,,,318,,,,,
07/31/2018,Queens,4,409,Individuals,,,,,,206,,,,,,
07/31/2018,Queens,4,410,Individuals,391,,174,64,,408,,,,,,
07/31/2018,Queens,4,411,Individuals,,,,,,,,,,,,
07/31/2018,Queens,4,412,Individuals,,275,357,825,,745,1049,,,,,
07/31/2018,Queens,4,413,Individuals,,,,430,,302,761,,,,,
07/31/2018,Queens,4,414,Individuals,,302,,,,166,,,,,,
08/31/2018,Queens,4,401,Individuals,,,199,,,260,351,,,,,
08/31/2018,Queens,4,402,Individuals,,204,,,,351,233,,,,,
08/31/2018,Queens,4,403,Individuals,,,,87,,,878,,,,,
08/31/2018,Queens,4,404,Individuals,,,,134,,120,321,,,,,
08/31/2018,Queens,4,405,Individuals,,,,103,,,,,,,,
08/31/2018,Queens,4,406,Individuals,,,,,,,,,,,,
08/31/2018,Queens,4,407,Individuals,,,97,,,119,,,,,,
08/31/2018,Queens,4,408,Individuals,,,,,,,321,,,,,
08/31/2018,Queens,4,409,Individuals,,,,,,227,,,,,,
08/31/2018,Queens,4,410,Individuals,395,,169,64,,435,,,,,,
08/31/2018,Queens,4,411,Individuals,,,,,,,,,,,,
08/31/2018,Queens,4,412,Individuals,,264,356,773,,811,1060,,,,,
08/31/2018,Queens,4,413,Individuals,,,,432,,327,828,,,,,
08/31/2018,Queens,4,414,Individuals,,322,,,,162,,,,,,
09/30/2018,Queens,4,401,Individuals,,,199,,,255,365,,,,,
09/30/2018,Queens,4,402,Individuals,,249,,,,472,231,,,,,
09/30/2018,Queens,4,403,Individuals,,,,87,,,845,,,,,
09/30/2018,Queens,4,404,Individuals,,,,136,,130,405,,,,,
09/30/2018,Queens,4,405,Individuals,,,,101,,,,,,,,
09/30/2018,Queens,4,406,Individuals,,,,,,,,,,,,
09/30/2018,Queens,4,407,Individuals,,,101,,,124,,,,,,
09/30/2018,Queens,4,408,Individuals,,,,,,,316,,,,,
09/30/2018,Queens,4,409,Individuals,,,,,,233,,,,,,
09/30/2018,Queens,4,410,Individuals,393,,174,63,,442,,,,,,
09/30/2018,Queens,4,411,Individuals,,,,,,,,,,,,
09/30/2018,Queens,4,412,Individuals,,268,355,850,,811,1067,,,,,
09/30/2018,Queens,4,413,Individuals,,,,425,,334,797,,,,,
09/30/2018,Queens,4,414,Individuals,,309,,,,184,,,,,,
11/30/2018,Queens,4,412,Individuals,,284,347,946,,763,1033,,,,,
12/31/2018,Queens,4,407,Individuals,,,101,,,136,,,,,,
11/30/2018,Queens,4,413,Individuals,,,,492,,252,822,,,,,
12/31/2018,Queens,4,410,Individuals,364,,172,61,,422,,,,,,
12/31/2018,Queens,4,402,Individuals,,311,,,,573,238,,,,,
10/31/2018,Queens,4,411,Individuals,,,,,,,,,,,,
01/31/2019,Queens,4,411,Individuals,,,,,,,,,,,,
01/31/2019,Queens,4,410,Individuals,369,,174,63,,434,,,,,,
12/31/2018,Queens,4,409,Individuals,,,,,,259,,,,,,
12/31/2018,Queens,4,414,Individuals,,315,,,,125,155,,,,,
11/30/2018,Queens,4,401,Individuals,,,198,,,237,343,,,,,
11/30/2018,Queens,4,405,Individuals,,,,110,,,,,,,,
01/31/2019,Queens,4,408,Individuals,,,,,,,325,,,,,
10/31/2018,Queens,4,408,Individuals,,,,,,,323,,,,,
11/30/2018,Queens,4,411,Individuals,,,,,,,,,,,,
10/31/2018,Queens,4,410,Individuals,393,,174,62,,439,,,,,,
01/31/2019,Queens,4,403,Individuals,,,,89,,,850,,,,,
10/31/2018,Queens,4,414,Individuals,,289,,,,164,58,,,,,
11/30/2018,Queens,4,409,Individuals,,,,,,262,,,,,,
10/31/2018,Queens,4,409,Individuals,,,,,,244,,,,,,
12/31/2018,Queens,4,408,Individuals,,,,,,,322,,,,,
10/31/2018,Queens,4,407,Individuals,,,100,,,146,,,,,,
12/31/2018,Queens,4,403,Individuals,,,,90,,,846,,,,,
01/31/2019,Queens,4,407,Individuals,,,100,,,156,,,,,,
12/31/2018,Queens,4,413,Individuals,,,,556,,242,826,,,,,
11/30/2018,Queens,4,410,Individuals,385,,172,53,,416,,,,,,
01/31/2019,Queens,4,409,Individuals,,,,,,158,,,,,,
01/31/2019,Queens,4,406,Individuals,,,,,,,,,,,,
01/31/2019,Queens,4,414,Individuals,,304,,,,160,163,,,,,
12/31/2018,Queens,4,412,Individuals,,284,349,966,,787,1035,,,,,
10/31/2018,Queens,4,401,Individuals,,,200,,,258,356,,,,,
12/31/2018,Queens,4,404,Individuals,,,,129,,113,385,,,,,
11/30/2018,Queens,4,403,Individuals,,,,91,,,862,,,,,
12/31/2018,Queens,4,411,Individuals,,,,,,,,,,,,
11/30/2018,Queens,4,402,Individuals,,284,,,,578,218,,,,,
01/31/2019,Queens,4,413,Individuals,,,,566,,243,829,,,,,
10/31/2018,Queens,4,405,Individuals,,,,109,,,,,,,,
10/31/2018,Queens,4,413,Individuals,,,,480,,329,826,,,,,
11/30/2018,Queens,4,404,Individuals,,,,248,,114,408,,,,,
11/30/2018,Queens,4,406,Individuals,,,,,,,,,,,,
11/30/2018,Queens,4,408,Individuals,,,,,,,322,,,,,
10/31/2018,Queens,4,403,Individuals,,,,91,,,864,,,,,
01/31/2019,Queens,4,405,Individuals,,,,110,,,,,,,,
01/31/2019,Queens,4,412,Individuals,,282,344,1053,,668,1022,,,,,
01/31/2019,Queens,4,401,Individuals,,,199,,,268,393,,,,,
11/30/2018,Queens,4,407,Individuals,,,101,,,142,,,,,,
10/31/2018,Queens,4,406,Individuals,,,,,,,,,,,,
11/30/2018,Queens,4,414,Individuals,,318,,,,142,133,,,,,
12/31/2018,Queens,4,401,Individuals,,,192,,,213,360,,,,,
10/31/2018,Queens,4,412,Individuals,,277,349,963,,800,1046,,,,,
10/31/2018,Queens,4,402,Individuals,,260,,,,557,229,,,,,
10/31/2018,Queens,4,404,Individuals,,,,134,,119,394,,,,,
01/31/2019,Queens,4,402,Individuals,,301,,,,585,234,,,,,
12/31/2018,Queens,4,406,Individuals,,,,,,,,,,,,
12/31/2018,Queens,4,405,Individuals,,,,110,,,,,,,,
01/31/2019,Queens,4,404,Individuals,,,,157,,124,411,,,,,
04/30/2019,Queens,4,414,Individuals,,285,,,,142,165,,,,,
04/30/2019,Queens,4,403,Individuals,,,,90,,,835,,,,,
04/30/2019,Queens,4,407,Individuals,,,99,,,124,,,,,,
04/30/2019,Queens,4,410,Individuals,342,,274,60,,390,,,,,,
04/30/2019,Queens,4,406,Individuals,,,,,,,,,,,,
04/30/2019,Queens,4,413,Individuals,,,,554,,222,781,,,,,
04/30/2019,Queens,4,405,Individuals,,,,110,,,,,,,,
04/30/2019,Queens,4,408,Individuals,,,,,,,313,,,,,
04/30/2019,Queens,4,409,Individuals,,,75,,,,,,,,,
04/30/2019,Queens,4,412,Individuals,,276,332,1089,,602,1040,,,,,
04/30/2019,Queens,4,404,Individuals,,,,160,,80,396,,,,,
04/30/2019,Queens,4,411,Individuals,,,,,,,,,,,,
04/30/2019,Queens,4,401,Individuals,,,193,,,222,377,,,,,
04/30/2019,Queens,4,402,Individuals,,261,,,,547,237,,,,,
04/30/2019,Queens,4,414,Individuals,,285,,,,142,165,,,,,
04/30/2019,Queens,4,403,Individuals,,,,90,,,835,,,,,
05/31/2019,Queens,4,409,Individuals,,,93,,,,,,,,,
04/10/2019,Queens,4,412,Individuals,,273,326,1059,,632,998,,,,,
04/10/2019,Queens,4,408,Individuals,,,,,,,316,,,,,
04/30/2019,Queens,4,407,Individuals,,,99,,,124,,,,,,
06/30/2019,Queens,4,410,Individuals,317,,168,60,,341,,,,,,
06/30/2019,Queens,4,405,Individuals,,,,62,,,,,,,,
06/30/2019,Queens,4,413,Individuals,,,,550,,198,824,,,,,
04/10/2019,Queens,4,404,Individuals,,,,164,,88,410,,,,,
05/31/2019,Queens,4,401,Individuals,,,197,,,187,363,,,,,
06/30/2019,Queens,4,412,Individuals,,280,332,1076,,541,1003,,,,,
04/30/2019,Queens,4,410,Individuals,342,,274,60,,390,,,,,,
06/30/2019,Queens,4,403,Individuals,,,,82,,,858,,,,,
04/30/2019,Queens,4,406,Individuals,,,,,,,,,,,,
06/30/2019,Queens,4,408,Individuals,,,,,,,309,,,,,
05/31/2019,Queens,4,408,Individuals,,,,,,,310,,,,,
04/30/2019,Queens,4,413,Individuals,,,,554,,222,781,,,,,
04/30/2019,Queens,4,405,Individuals,,,,110,,,,,,,,
06/30/2019,Queens,4,409,Individuals,,,92,,,,,,,,,
06/30/2019,Queens,4,404,Individuals,,,,164,,76,378,,,,,
05/31/2019,Queens,4,402,Individuals,,290,,,,466,227,,,,,
04/30/2019,Queens,4,408,Individuals,,,,,,,313,,,,,
04/10/2019,Queens,4,409,Individuals,,,63,,,,,,,,,
05/31/2019,Queens,4,410,Individuals,319,,269,58,,359,,,,,,
06/30/2019,Queens,4,401,Individuals,,,197,,,187,378,,,,,
05/31/2019,Queens,4,413,Individuals,,,,554,,221,814,,,,,
04/10/2019,Queens,4,403,Individuals,,,,89,,,848,,,,,
04/10/2019,Queens,4,414,Individuals,,280,,,,175,172,,,,,
06/30/2019,Queens,4,411,Individuals,,,,,,,,,,,,
06/30/2019,Queens,4,414,Individuals,,320,,,,128,180,,,,,
04/10/2019,Queens,4,405,Individuals,,,,107,,,,,,,,
05/31/2019,Queens,4,407,Individuals,,,101,,,122,,,,,,
04/10/2019,Queens,4,410,Individuals,353,,171,62,,407,,,,,,
04/10/2019,Queens,4,411,Individuals,,,,,,,,,,,,
06/30/2019,Queens,4,407,Individuals,,,98,,,128,,,,,,
05/31/2019,Queens,4,404,Individuals,,,,163,,71,386,,,,,
04/10/2019,Queens,4,406,Individuals,,,,,,,,,,,,
04/10/2019,Queens,4,413,Individuals,,,,563,,223,775,,,,,
05/31/2019,Queens,4,414,Individuals,,294,,,,132,179,,,,,
04/30/2019,Queens,4,409,Individuals,,,75,,,,,,,,,
05/31/2019,Queens,4,405,Individuals,,,,108,,,,,,,,
05/31/2019,Queens,4,406,Individuals,,,,,,,,,,,,
04/30/2019,Queens,4,412,Individuals,,276,332,1089,,602,1040,,,,,
06/30/2019,Queens,4,406,Individuals,,,,,,,,,,,,
04/10/2019,Queens,4,402,Individuals,,267,,,,552,239,,,,,
04/30/2019,Queens,4,404,Individuals,,,,160,,80,396,,,,,
04/10/2019,Queens,4,401,Individuals,,,200,,,251,374,,,,,
04/10/2019,Queens,4,407,Individuals,,,97,,,125,,,,,,
04/30/2019,Queens,4,411,Individuals,,,,,,,,,,,,
06/30/2019,Queens,4,402,Individuals,,302,,,,494,217,,,,,
04/30/2019,Queens,4,401,Individuals,,,193,,,222,377,,,,,
05/31/2019,Queens,4,412,Individuals,,276,327,1056,,573,1006,,,,,
04/30/2019,Queens,4,402,Individuals,,261,,,,547,237,,,,,
05/31/2019,Queens,4,403,Individuals,,,,89,,,822,,,,,
05/31/2019,Queens,4,411,Individuals,,,,,,,,,,,,
08/31/2019,Queens,4,401,Individuals,,,200,,,256,383,,,,,
08/31/2019,Queens,4,402,Individuals,,258,,,,602,235,,,,,
08/31/2019,Queens,4,403,Individuals,,,,84,,,842,,,,,
08/31/2019,Queens,4,404,Individuals,,,,164,,107,446,,,,,
08/31/2019,Queens,4,405,Individuals,,,,,,,,,,,,
08/31/2019,Queens,4,406,Individuals,,,,,,,,,,,,
08/31/2019,Queens,4,407,Individuals,,,97,,,140,,,,,,
08/31/2019,Queens,4,408,Individuals,,,,,,,306,,,,,
08/31/2019,Queens,4,409,Individuals,,,107,,,,,,,,,
08/31/2019,Queens,4,410,Individuals,332,,163,58,,442,,,,,,
08/31/2019,Queens,4,411,Individuals,,,,,,,,,,,,
08/31/2019,Queens,4,412,Individuals,,269,341,1059,,477,1046,,,,,
08/31/2019,Queens,4,413,Individuals,,,,558,,254,846,,,,,
08/31/2019,Queens,4,414,Individuals,,311,,,,185,179,,,,,
09/30/2019,Queens,4,401,Individuals,,,200,,,249,386,,,,,
09/30/2019,Queens,4,402,Individuals,,296,,,,613,220,,,,,
09/30/2019,Queens,4,403,Individuals,,,,90,,,889,,,,,
09/30/2019,Queens,4,404,Individuals,,,,158,,122,512,,,,,
09/30/2019,Queens,4,405,Individuals,,,,,,,,,,,,
09/30/2019,Queens,4,406,Individuals,,,,,,,,,,,,
09/30/2019,Queens,4,407,Individuals,,,99,,,151,,,,,,
09/30/2019,Queens,4,408,Individuals,,,,,,,320,,,,,
09/30/2019,Queens,4,409,Individuals,,,109,,,,,,,,,
09/30/2019,Queens,4,410,Individuals,327,,165,55,,453,,,,,,
09/30/2019,Queens,4,411,Individuals,,,,,,,,,,,,
09/30/2019,Queens,4,412,Individuals,,274,336,1039,,411,1144,,,,,
09/30/2019,Queens,4,413,Individuals,,,,550,,251,846,,,,,
09/30/2019,Queens,4,414,Individuals,,313,,,,202,180,,,,,
10/31/2019,Queens,4,401,Individuals,,,198,,,259,377,,,,,
10/31/2019,Queens,4,402,Individuals,,314,,,,623,240,,,,,
10/31/2019,Queens,4,403,Individuals,,,,86,,,878,,,,,
10/31/2019,Queens,4,404,Individuals,,,,162,,123,515,,,,,
10/31/2019,Queens,4,405,Individuals,,,,,,,,,,,,
10/31/2019,Queens,4,406,Individuals,,,,,,,,,,,,
10/31/2019,Queens,4,407,Individuals,,,126,,,156,,,,,,
10/31/2019,Queens,4,408,Individuals,,,,,,,314,,,,,
10/31/2019,Queens,4,409,Individuals,,,109,,,,,,,,,
10/31/2019,Queens,4,410,Individuals,359,,174,59,,453,,,,,,
10/31/2019,Queens,4,411,Individuals,,,,,,,,,,,,
10/31/2019,Queens,4,412,Individuals,,283,350,1080,,403,1144,,,,,
10/31/2019,Queens,4,413,Individuals,,,,561,,243,838,,,,,
10/31/2019,Queens,4,414,Individuals,,330,,,,206,172,,,,,
11/30/2019,Queens,4,401,Individuals,,,200,,,242,368,,,,,
11/30/2019,Queens,4,402,Individuals,,314,,,,623,227,,,,,
11/30/2019,Queens,4,403,Individuals,,,,85,,,868,,,,,
11/30/2019,Queens,4,404,Individuals,,,,160,,111,506,,,,,
11/30/2019,Queens,4,405,Individuals,,,,,,,,,,,,
11/30/2019,Queens,4,406,Individuals,,,,,,,,,,,,
11/30/2019,Queens,4,407,Individuals,,,175,,,147,,,,,,
11/30/2019,Queens,4,408,Individuals,,,,,,,311,,,,,
11/30/2019,Queens,4,409,Individuals,,,112,,,,,,,,,
11/30/2019,Queens,4,410,Individuals,342,,171,58,,445,,,,,,
11/30/2019,Queens,4,411,Individuals,,,,,,,,,,,,
11/30/2019,Queens,4,412,Individuals,,275,347,1072,,400,1187,,,,,
11/30/2019,Queens,4,413,Individuals,,,,554,,248,854,,,,,
11/30/2019,Queens,4,414,Individuals,,306,,,,214,172,,,,,
12/31/2019,Queens,4,401,Individuals,,,199,,,245,379,,,,,
12/31/2019,Queens,4,402,Individuals,,312,,,,597,233,,,,,
12/31/2019,Queens,4,403,Individuals,,,,91,,,870,,,,,
12/31/2019,Queens,4,404,Individuals,,,,163,,94,506,,,,,
12/31/2019,Queens,4,405,Individuals,,,,,,,,,,,,
12/31/2019,Queens,4,406,Individuals,,,,,,,,,,,,
12/31/2019,Queens,4,407,Individuals,,,258,,,144,,,,,,
12/31/2019,Queens,4,408,Individuals,,,,,,,309,,,,,
12/31/2019,Queens,4,409,Individuals,,,113,,,,,,,,,
12/31/2019,Queens,4,410,Individuals,318,,170,54,,426,,,,,,
12/31/2019,Queens,4,411,Individuals,,,,,,,,,,,,
12/31/2019,Queens,4,412,Individuals,,279,341,1065,,399,1183,,,,,
12/31/2019,Queens,4,413,Individuals,,,,546,,219,842,,,,,
12/31/2019,Queens,4,414,Individuals,,306,,,,200,167,,,,,
07/31/2018,Staten Island,5,501,Individuals,,,,,,,141,,,,,
07/31/2018,Staten Island,5,502,Individuals,,,,,,,,,,,,
07/31/2018,Staten Island,5,503,Individuals,,,,,,,,,,,,
08/31/2018,Staten Island,5,501,Individuals,,,,,,,139,,,,,
08/31/2018,Staten Island,5,502,Individuals,,,,,,,,,,,,
08/31/2018,Staten Island,5,503,Individuals,,,,,,,,,,,,
09/30/2018,Staten Island,5,501,Individuals,,,,,,,136,,,,,
09/30/2018,Staten Island,5,502,Individuals,,,,,,,,,,,,
09/30/2018,Staten Island,5,503,Individuals,,,,,,,,,,,,
11/30/2018,Staten Island,5,502,Individuals,,,,,,,,,,,,
12/31/2018,Staten Island,5,501,Individuals,,,,,,,137,,,,,
11/30/2018,Staten Island,5,503,Individuals,,,,,,,,,,,,
01/31/2019,Staten Island,5,502,Individuals,,,,,,,,,,,,
10/31/2018,Staten Island,5,502,Individuals,,,,,,,,,,,,
11/30/2018,Staten Island,5,501,Individuals,,,,,,,134,,,,,
01/31/2019,Staten Island,5,501,Individuals,,,,,,,142,,,,,
01/31/2019,Staten Island,5,503,Individuals,,,,,,,,,,,,
12/31/2018,Staten Island,5,502,Individuals,,,,,,,,,,,,
10/31/2018,Staten Island,5,501,Individuals,,,,,,,134,,,,,
12/31/2018,Staten Island,5,503,Individuals,,,,,,,,,,,,
10/31/2018,Staten Island,5,503,Individuals,,,,,,,,,,,,
04/30/2019,Staten Island,5,503,Individuals,,,,,,,,,,,,
04/30/2019,Staten Island,5,502,Individuals,,,,,,,,,,,,
04/30/2019,Staten Island,5,501,Individuals,,,,,,,135,,,,,
04/10/2019,Staten Island,5,501,Individuals,,,,,,,133,,,,,
05/31/2019,Staten Island,5,503,Individuals,,,,,,,,,,,,
04/30/2019,Staten Island,5,503,Individuals,,,,,,,,,,,,
05/31/2019,Staten Island,5,502,Individuals,,,,,,,,,,,,
05/31/2019,Staten Island,5,501,Individuals,,,,,,,127,,,,,
06/30/2019,Staten Island,5,503,Individuals,,,,,,,,,,,,
06/30/2019,Staten Island,5,502,Individuals,,,,,,,,,,,,
06/30/2019,Staten Island,5,501,Individuals,,,,,,,136,,,,,
04/10/2019,Staten Island,5,502,Individuals,,,,,,,,,,,,
04/30/2019,Staten Island,5,502,Individuals,,,,,,,,,,,,
04/30/2019,Staten Island,5,501,Individuals,,,,,,,135,,,,,
04/10/2019,Staten Island,5,503,Individuals,,,,,,,,,,,,
08/31/2019,Staten Island,5,501,Individuals,,,,,,,139,,,,,
08/31/2019,Staten Island,5,502,Individuals,,,,,,,,,,,,
08/31/2019,Staten Island,5,503,Individuals,,,,,,,,,,,,
09/30/2019,Staten Island,5,501,Individuals,,,,,,,142,,,,,
09/30/2019,Staten Island,5,502,Individuals,,,,,,,,,,,,
09/30/2019,Staten Island,5,503,Individuals,,,,,,,,,,,,
10/31/2019,Staten Island,5,501,Individuals,,,,,,,135,,,,,
10/31/2019,Staten Island,5,502,Individuals,,,,,,,,,,,,
10/31/2019,Staten Island,5,503,Individuals,,,,,,,,,,,,
11/30/2019,Staten Island,5,501,Individuals,,,,,,,130,,,,,
11/30/2019,Staten Island,5,502,Individuals,,,,,,,,,,,,
11/30/2019,Staten Island,5,503,Individuals,,,,,,,,,,,,
12/31/2019,Staten Island,5,501,Individuals,,,,,,,129,,,,,
12/31/2019,Staten Island,5,502,Individuals,,,,,,,,,,,,
12/31/2019,Staten Island,5,503,Individuals,,,,,,,,,,,,
