Month,KPIType,KPI,Count
12/01/2017 12:00:00 AM,HOME-STAT Clients,Total HOME-STAT Clients,"3,440"
12/01/2017 12:00:00 AM,Gender,Female,18.8
12/01/2017 12:00:00 AM,Gender,Male,80.5
12/01/2017 12:00:00 AM,Gender,Transgender,0.6
12/01/2017 12:00:00 AM,Gender,Unknown,0.1
12/01/2017 12:00:00 AM,Age,Under 21,57
12/01/2017 12:00:00 AM,Age,21 - 30,235
12/01/2017 12:00:00 AM,Age,31 - 40,430
12/01/2017 12:00:00 AM,Age,41 - 50,625
12/01/2017 12:00:00 AM,Age,51 - 60,"1,015"
12/01/2017 12:00:00 AM,Age,61 - 70,493
12/01/2017 12:00:00 AM,Age,71 - 80,118
12/01/2017 12:00:00 AM,Age,81 - 90,15
12/01/2017 12:00:00 AM,Age,Unknown,452
12/01/2017 12:00:00 AM,Special groups,Veterans,2.9
12/01/2017 12:00:00 AM,Location of HOME-STAT Clients,HOME-STAT clients on the street and other settings,"1,846"
12/01/2017 12:00:00 AM,Location of HOME-STAT Clients,HOME-STAT clients in transitional housing,"1,237"
12/01/2017 12:00:00 AM,Location of HOME-STAT Clients,HOME-STAT clients in permanent housing and receiving aftercare services,357
12/01/2017 12:00:00 AM,Placements of HOME-STAT Clients,HOME-STAT clients placed in settings other than transitional or permanent housing,80
12/01/2017 12:00:00 AM,Placements of HOME-STAT Clients,HOME-STAT clients placed in transitional housing,187
12/01/2017 12:00:00 AM,Placements of HOME-STAT Clients,HOME-STAT clients placed in permanent housing and receiving aftercare services,22
01/01/2018 12:00:00 AM,HOME-STAT Clients,Total HOME-STAT Clients,"3,501"
01/01/2018 12:00:00 AM,Gender,Female,18.7
01/01/2018 12:00:00 AM,Gender,Male,80.8
01/01/2018 12:00:00 AM,Gender,Transgender,0.5
01/01/2018 12:00:00 AM,Gender,Unknown,0.1
01/01/2018 12:00:00 AM,Age,Under 21,62
01/01/2018 12:00:00 AM,Age,21 - 30,248
01/01/2018 12:00:00 AM,Age,31 - 40,462
01/01/2018 12:00:00 AM,Age,41 - 50,654
01/01/2018 12:00:00 AM,Age,51 - 60,"1,019"
01/01/2018 12:00:00 AM,Age,61 - 70,497
01/01/2018 12:00:00 AM,Age,71 - 80,120
01/01/2018 12:00:00 AM,Age,81 - 90,14
01/01/2018 12:00:00 AM,Age,Unknown,425
01/01/2018 12:00:00 AM,Special groups,Veterans,2.8
01/01/2018 12:00:00 AM,Location of HOME-STAT Clients,HOME-STAT clients on the street and other settings,"1,846"
01/01/2018 12:00:00 AM,Location of HOME-STAT Clients,HOME-STAT clients in transitional housing,"1,265"
01/01/2018 12:00:00 AM,Location of HOME-STAT Clients,HOME-STAT clients in permanent housing and receiving aftercare services,390
01/01/2018 12:00:00 AM,Placements of HOME-STAT Clients,HOME-STAT clients placed in settings other than transitional or permanent housing,112
01/01/2018 12:00:00 AM,Placements of HOME-STAT Clients,HOME-STAT clients placed in transitional housing,179
01/01/2018 12:00:00 AM,Placements of HOME-STAT Clients,HOME-STAT clients placed in permanent housing and receiving aftercare services,38
02/01/2018 12:00:00 AM,HOME-STAT Clients,Total HOME-STAT Clients,"3,502"
02/01/2018 12:00:00 AM,Gender,Female,18.8
02/01/2018 12:00:00 AM,Gender,Male,80.5
02/01/2018 12:00:00 AM,Gender,Transgender,0.5
02/01/2018 12:00:00 AM,Gender,Unknown,0.1
02/01/2018 12:00:00 AM,Age,Under 21,60
02/01/2018 12:00:00 AM,Age,21 - 30,256
02/01/2018 12:00:00 AM,Age,31 - 40,482
02/01/2018 12:00:00 AM,Age,41 - 50,654
02/01/2018 12:00:00 AM,Age,51 - 60,"1,017"
02/01/2018 12:00:00 AM,Age,61 - 70,492
02/01/2018 12:00:00 AM,Age,71 - 80,121
02/01/2018 12:00:00 AM,Age,81 - 90,9
02/01/2018 12:00:00 AM,Age,Unknown,411
02/01/2018 12:00:00 AM,Special groups,Veterans,2.6
02/01/2018 12:00:00 AM,Location of HOME-STAT Clients,HOME-STAT clients on the street and other settings,"1,882"
02/01/2018 12:00:00 AM,Location of HOME-STAT Clients,HOME-STAT clients in transitional housing,"1,206"
02/01/2018 12:00:00 AM,Location of HOME-STAT Clients,HOME-STAT clients in permanent housing and receiving aftercare services,414
02/01/2018 12:00:00 AM,Placements of HOME-STAT Clients,HOME-STAT clients placed in settings other than transitional or permanent housing,106
02/01/2018 12:00:00 AM,Placements of HOME-STAT Clients,HOME-STAT clients placed in transitional housing,156
02/01/2018 12:00:00 AM,Placements of HOME-STAT Clients,HOME-STAT clients placed in permanent housing and receiving aftercare services,36
03/01/2018 12:00:00 AM,Age,31 - 40,462
03/01/2018 12:00:00 AM,Age,51 - 60,998
03/01/2018 12:00:00 AM,HOME-STAT Clients,Total HOME-STAT Clients,"3,392"
03/01/2018 12:00:00 AM,Special groups,Veterans,2.5
03/01/2018 12:00:00 AM,Gender,Transgender,0.5
03/01/2018 12:00:00 AM,Location of HOME-STAT Clients,HOME-STAT clients in permanent housing and receiving aftercare services,403
03/01/2018 12:00:00 AM,Gender,Female,18.5
03/01/2018 12:00:00 AM,Age,71 - 80,118
03/01/2018 12:00:00 AM,Age,21 - 30,256
03/01/2018 12:00:00 AM,Location of HOME-STAT Clients,HOME-STAT clients in transitional housing,"1,272"
03/01/2018 12:00:00 AM,Placements of HOME-STAT Clients,HOME-STAT clients placed in transitional housing,205
03/01/2018 12:00:00 AM,Age,41 - 50,636
03/01/2018 12:00:00 AM,Placements of HOME-STAT Clients,HOME-STAT clients placed in permanent housing and receiving aftercare services,52
03/01/2018 12:00:00 AM,Age,61 - 70,485
03/01/2018 12:00:00 AM,Gender,Unknown,0.2
03/01/2018 12:00:00 AM,Placements of HOME-STAT Clients,HOME-STAT clients placed in settings other than transitional or permanent housing,73
03/01/2018 12:00:00 AM,Age,81 - 90,9
03/01/2018 12:00:00 AM,Location of HOME-STAT Clients,HOME-STAT clients on the street and other settings,"1,717"
03/01/2018 12:00:00 AM,Age,Unknown,383
03/01/2018 12:00:00 AM,Gender,Male,80.9
03/01/2018 12:00:00 AM,Age,Under 21,45
04/01/2018 12:00:00 AM,Location of HOME-STAT Clients,HOME-STAT clients in transitional housing,"1,295"
04/01/2018 12:00:00 AM,Age,21 - 30,254
04/01/2018 12:00:00 AM,Age,81 - 90,8
04/01/2018 12:00:00 AM,Age,71 - 80,116
04/01/2018 12:00:00 AM,Gender,Transgender,0.5
04/01/2018 12:00:00 AM,Gender,Female,18.6
04/01/2018 12:00:00 AM,Age,51 - 60,998
04/01/2018 12:00:00 AM,Special groups,Veterans,2.3
04/01/2018 12:00:00 AM,Age,41 - 50,620
04/01/2018 12:00:00 AM,Location of HOME-STAT Clients,HOME-STAT clients on the street and other settings,"1,682"
04/01/2018 12:00:00 AM,Gender,Male,80.8
04/01/2018 12:00:00 AM,Location of HOME-STAT Clients,HOME-STAT clients in permanent housing and receiving aftercare services,399
04/01/2018 12:00:00 AM,Placements of HOME-STAT Clients,HOME-STAT clients placed in transitional housing,173
04/01/2018 12:00:00 AM,Placements of HOME-STAT Clients,HOME-STAT clients placed in permanent housing and receiving aftercare services,41
04/01/2018 12:00:00 AM,Age,31 - 40,466
04/01/2018 12:00:00 AM,Age,Unknown,390
04/01/2018 12:00:00 AM,Gender,Unknown,0.1
04/01/2018 12:00:00 AM,Age,Under 21,42
04/01/2018 12:00:00 AM,Age,61 - 70,482
04/01/2018 12:00:00 AM,Placements of HOME-STAT Clients,HOME-STAT clients placed in settings other than transitional or permanent housing,67
04/01/2018 12:00:00 AM,HOME-STAT Clients,Total HOME-STAT Clients,"3,376"
05/01/2018 12:00:00 AM,Age,51 - 60,992
05/01/2018 12:00:00 AM,Gender,Transgender,0.5
05/01/2018 12:00:00 AM,Placements of HOME-STAT Clients,HOME-STAT clients placed in transitional housing,176
05/01/2018 12:00:00 AM,Age,21 - 30,242
05/01/2018 12:00:00 AM,Location of HOME-STAT Clients,HOME-STAT clients in transitional housing,"1,270"
05/01/2018 12:00:00 AM,Age,71 - 80,115
05/01/2018 12:00:00 AM,Placements of HOME-STAT Clients,HOME-STAT clients placed in permanent housing and receiving aftercare services,41
05/01/2018 12:00:00 AM,Age,31 - 40,446
05/01/2018 12:00:00 AM,Location of HOME-STAT Clients,HOME-STAT clients in permanent housing and receiving aftercare services,407
05/01/2018 12:00:00 AM,Gender,Male,80.6
05/01/2018 12:00:00 AM,Placements of HOME-STAT Clients,HOME-STAT clients placed in settings other than transitional or permanent housing,76
05/01/2018 12:00:00 AM,Gender,Female,18.8
05/01/2018 12:00:00 AM,Location of HOME-STAT Clients,HOME-STAT clients on the street and other settings,"1,654"
05/01/2018 12:00:00 AM,Gender,Unknown,0.1
05/01/2018 12:00:00 AM,Age,Under 21,39
05/01/2018 12:00:00 AM,Age,61 - 70,480
05/01/2018 12:00:00 AM,Special groups,Veterans,2.4
05/01/2018 12:00:00 AM,Age,81 - 90,9
05/01/2018 12:00:00 AM,HOME-STAT Clients,Total HOME-STAT Clients,"3,331"
05/01/2018 12:00:00 AM,Age,Unknown,388
05/01/2018 12:00:00 AM,Age,41 - 50,620
06/18/2018 12:00:00 AM,Age,71 - 80,111
06/18/2018 12:00:00 AM,Location of HOME-STAT Clients,HOME-STAT clients in transitional housing,"1,235"
06/18/2018 12:00:00 AM,Age,41 - 50,631
06/18/2018 12:00:00 AM,Age,81 - 90,8
06/18/2018 12:00:00 AM,Placements of HOME-STAT Clients,HOME-STAT clients placed in transitional housing,165
06/18/2018 12:00:00 AM,Special groups,Veterans,2.3
06/18/2018 12:00:00 AM,HOME-STAT Clients,Total HOME-STAT Clients,"3,257"
06/18/2018 12:00:00 AM,Age,51 - 60,968
06/18/2018 12:00:00 AM,Age,Under 21,39
06/18/2018 12:00:00 AM,Gender,Unknown,0.1
06/18/2018 12:00:00 AM,Age,61 - 70,479
06/18/2018 12:00:00 AM,Age,31 - 40,415
06/18/2018 12:00:00 AM,Placements of HOME-STAT Clients,HOME-STAT clients placed in permanent housing and receiving aftercare services,50
06/18/2018 12:00:00 AM,Location of HOME-STAT Clients,HOME-STAT clients on the street and other settings,"1,614"
06/18/2018 12:00:00 AM,Age,Unknown,377
06/18/2018 12:00:00 AM,Location of HOME-STAT Clients,HOME-STAT clients in permanent housing and receiving aftercare services,408
06/18/2018 12:00:00 AM,Placements of HOME-STAT Clients,HOME-STAT clients placed in settings other than transitional or permanent housing,42
06/18/2018 12:00:00 AM,Gender,Transgender,0.5
06/18/2018 12:00:00 AM,Gender,Male,80.6
06/18/2018 12:00:00 AM,Gender,Female,18.9
06/18/2018 12:00:00 AM,Age,21 - 30,229
07/01/2018 12:00:00 AM,Special groups,Veterans,2.5
07/01/2018 12:00:00 AM,Location of HOME-STAT Clients,HOME-STAT clients on the street and other settings,"1,575"
07/01/2018 12:00:00 AM,HOME-STAT Clients,Total HOME-STAT Clients,"3,216"
07/01/2018 12:00:00 AM,Placements of HOME-STAT Clients,HOME-STAT clients placed in permanent housing and receiving aftercare services,38
07/01/2018 12:00:00 AM,Location of HOME-STAT Clients,HOME-STAT clients in transitional housing,"1,228"
07/01/2018 12:00:00 AM,Age,21 - 30,228
07/01/2018 12:00:00 AM,Age,71 - 80,118
07/01/2018 12:00:00 AM,Gender,Unknown,0.1
07/01/2018 12:00:00 AM,Age,51 - 60,961
07/01/2018 12:00:00 AM,Placements of HOME-STAT Clients,HOME-STAT clients placed in settings other than transitional or permanent housing,38
07/01/2018 12:00:00 AM,Age,Unknown,374
07/01/2018 12:00:00 AM,Location of HOME-STAT Clients,HOME-STAT clients in permanent housing and receiving aftercare services,413
07/01/2018 12:00:00 AM,Age,41 - 50,615
07/01/2018 12:00:00 AM,Gender,Female,19
07/01/2018 12:00:00 AM,Gender,Transgender,0.5
07/01/2018 12:00:00 AM,Age,31 - 40,408
07/01/2018 12:00:00 AM,Age,61 - 70,473
07/01/2018 12:00:00 AM,Age,81 - 90,8
07/01/2018 12:00:00 AM,Gender,Male,80.4
07/01/2018 12:00:00 AM,Placements of HOME-STAT Clients,HOME-STAT clients placed in transitional housing,126
07/01/2018 12:00:00 AM,Age,Under 21,31
08/01/2018 12:00:00 AM,Gender,Male,80.5
08/01/2018 12:00:00 AM,Age,41 - 50,607
08/01/2018 12:00:00 AM,Age,81 - 90,10
08/01/2018 12:00:00 AM,Age,71 - 80,117
08/01/2018 12:00:00 AM,Age,31 - 40,416
08/01/2018 12:00:00 AM,Age,Under 21,28
08/01/2018 12:00:00 AM,Age,61 - 70,482
08/01/2018 12:00:00 AM,Placements of HOME-STAT Clients,HOME-STAT clients placed in settings other than transitional or permanent housing,28
08/01/2018 12:00:00 AM,Placements of HOME-STAT Clients,HOME-STAT clients placed in transitional housing,158
08/01/2018 12:00:00 AM,HOME-STAT Clients,Total HOME-STAT Clients,"3,215"
08/01/2018 12:00:00 AM,Age,Unknown,369
08/01/2018 12:00:00 AM,Gender,Transgender,0.5
08/01/2018 12:00:00 AM,Location of HOME-STAT Clients,HOME-STAT clients in transitional housing,"1,226"
08/01/2018 12:00:00 AM,Placements of HOME-STAT Clients,HOME-STAT clients placed in permanent housing and receiving aftercare services,41
08/01/2018 12:00:00 AM,Age,51 - 60,961
08/01/2018 12:00:00 AM,Special groups,Veterans,2.5
08/01/2018 12:00:00 AM,Location of HOME-STAT Clients,HOME-STAT clients on the street and other settings,"1,554"
08/01/2018 12:00:00 AM,Age,21 - 30,225
08/01/2018 12:00:00 AM,Gender,Unknown,0.1
08/01/2018 12:00:00 AM,Gender,Female,18.9
08/01/2018 12:00:00 AM,Location of HOME-STAT Clients,HOME-STAT clients in permanent housing and receiving aftercare services,435
09/01/2018 12:00:00 AM,Location of HOME-STAT Clients,HOME-STAT clients in permanent housing and receiving aftercare services,427
09/01/2018 12:00:00 AM,Placements of HOME-STAT Clients,HOME-STAT clients placed in transitional housing,162
09/01/2018 12:00:00 AM,Age,71 - 80,112
09/01/2018 12:00:00 AM,Gender,Female,19.1
09/01/2018 12:00:00 AM,Placements of HOME-STAT Clients,HOME-STAT clients placed in permanent housing and receiving aftercare services,54
09/01/2018 12:00:00 AM,Gender,Unknown,0.1
09/01/2018 12:00:00 AM,Placements of HOME-STAT Clients,HOME-STAT clients placed in settings other than transitional or permanent housing,38
09/01/2018 12:00:00 AM,Age,21 - 30,214
09/01/2018 12:00:00 AM,HOME-STAT Clients,Total HOME-STAT Clients,"3,136"
09/01/2018 12:00:00 AM,Gender,Male,80.4
09/01/2018 12:00:00 AM,Age,31 - 40,407
09/01/2018 12:00:00 AM,Age,51 - 60,940
09/01/2018 12:00:00 AM,Age,Unknown,356
09/01/2018 12:00:00 AM,Age,41 - 50,594
09/01/2018 12:00:00 AM,Age,81 - 90,9
09/01/2018 12:00:00 AM,Location of HOME-STAT Clients,HOME-STAT clients in transitional housing,"1,211"
09/01/2018 12:00:00 AM,Gender,Transgender,0.5
09/01/2018 12:00:00 AM,Special groups,Veterans,2.6
09/01/2018 12:00:00 AM,Age,Under 21,23
09/01/2018 12:00:00 AM,Age,61 - 70,481
09/01/2018 12:00:00 AM,Location of HOME-STAT Clients,HOME-STAT clients on the street and other settings,"1,498"
10/01/2018 12:00:00 AM,Age,71 - 80,113
10/01/2018 12:00:00 AM,Age,51 - 60,987
10/01/2018 12:00:00 AM,Placements of HOME-STAT Clients,HOME-STAT clients placed in transitional housing,196
10/01/2018 12:00:00 AM,Location of HOME-STAT Clients,HOME-STAT clients in transitional housing,"1,253"
10/01/2018 12:00:00 AM,Location of HOME-STAT Clients,HOME-STAT clients on the street and other settings,"1,550"
10/01/2018 12:00:00 AM,Gender,Male,80
10/01/2018 12:00:00 AM,Gender,Female,19.4
10/01/2018 12:00:00 AM,Age,31 - 40,417
10/01/2018 12:00:00 AM,Age,81 - 90,9
10/01/2018 12:00:00 AM,Age,21 - 30,229
10/01/2018 12:00:00 AM,Placements of HOME-STAT Clients,HOME-STAT clients placed in permanent housing and receiving aftercare services,23
10/01/2018 12:00:00 AM,Age,Under 21,23
10/01/2018 12:00:00 AM,Gender,Unknown,0.1
10/01/2018 12:00:00 AM,Age,61 - 70,494
10/01/2018 12:00:00 AM,Special groups,Veterans,2.5
10/01/2018 12:00:00 AM,Age,41 - 50,602
10/01/2018 12:00:00 AM,HOME-STAT Clients,Total HOME-STAT Clients,"3,223"
10/01/2018 12:00:00 AM,Location of HOME-STAT Clients,HOME-STAT clients in permanent housing and receiving aftercare services,420
10/01/2018 12:00:00 AM,Age,Unknown,349
10/01/2018 12:00:00 AM,Gender,Transgender,0.6
10/01/2018 12:00:00 AM,Placements of HOME-STAT Clients,HOME-STAT clients placed in settings other than transitional or permanent housing,58
11/01/2018 12:00:00 AM,Location of HOME-STAT Clients,HOME-STAT clients on the street and other settings,"1,581"
11/01/2018 12:00:00 AM,Gender,Female,19.7
11/01/2018 12:00:00 AM,Placements of HOME-STAT Clients,HOME-STAT clients placed in permanent housing and receiving aftercare services,30
11/01/2018 12:00:00 AM,Gender,Male,79.6
11/01/2018 12:00:00 AM,Placements of HOME-STAT Clients,HOME-STAT clients placed in settings other than transitional or permanent housing,66
11/01/2018 12:00:00 AM,Placements of HOME-STAT Clients,HOME-STAT clients placed in transitional housing,215
11/01/2018 12:00:00 AM,Age,51 - 60,"1,007"
11/01/2018 12:00:00 AM,HOME-STAT Clients,Total HOME-STAT Clients,"3,262"
11/01/2018 12:00:00 AM,Age,71 - 80,119
11/01/2018 12:00:00 AM,Age,Unknown,330
11/01/2018 12:00:00 AM,Special groups,Veterans,2.5
11/01/2018 12:00:00 AM,Gender,Unknown,0.1
11/01/2018 12:00:00 AM,Age,81 - 90,10
11/01/2018 12:00:00 AM,Location of HOME-STAT Clients,HOME-STAT clients in permanent housing and receiving aftercare services,409
11/01/2018 12:00:00 AM,Gender,Transgender,0.6
11/01/2018 12:00:00 AM,Age,41 - 50,598
11/01/2018 12:00:00 AM,Age,31 - 40,437
11/01/2018 12:00:00 AM,Location of HOME-STAT Clients,HOME-STAT clients in transitional housing,"1,272"
11/01/2018 12:00:00 AM,Age,21 - 30,231
11/01/2018 12:00:00 AM,Age,Under 21,24
11/01/2018 12:00:00 AM,Age,61 - 70,506
12/01/2018 12:00:00 AM,Age,41 - 50,589
12/01/2018 12:00:00 AM,Age,71 - 80,116
12/01/2018 12:00:00 AM,Placements of HOME-STAT Clients,HOME-STAT clients placed in transitional housing,207
12/01/2018 12:00:00 AM,Gender,Female,19.6
12/01/2018 12:00:00 AM,Age,51 - 60,"1,001"
12/01/2018 12:00:00 AM,Gender,Male,79.7
12/01/2018 12:00:00 AM,Placements of HOME-STAT Clients,HOME-STAT clients placed in permanent housing and receiving aftercare services,49
12/01/2018 12:00:00 AM,Gender,Unknown,0.1
12/01/2018 12:00:00 AM,Age,Unknown,325
12/01/2018 12:00:00 AM,Age,Under 21,27
12/01/2018 12:00:00 AM,Gender,Transgender,0.6
12/01/2018 12:00:00 AM,Age,31 - 40,450
12/01/2018 12:00:00 AM,Special groups,Veterans,2.6
12/01/2018 12:00:00 AM,HOME-STAT Clients,Total HOME-STAT Clients,"3,258"
12/01/2018 12:00:00 AM,Age,61 - 70,508
12/01/2018 12:00:00 AM,Location of HOME-STAT Clients,HOME-STAT clients in permanent housing and receiving aftercare services,406
12/01/2018 12:00:00 AM,Age,21 - 30,232
12/01/2018 12:00:00 AM,Placements of HOME-STAT Clients,HOME-STAT clients placed in settings other than transitional or permanent housing,65
12/01/2018 12:00:00 AM,Location of HOME-STAT Clients,HOME-STAT clients in transitional housing,"1,253"
12/01/2018 12:00:00 AM,Location of HOME-STAT Clients,HOME-STAT clients on the street and other settings,"1,599"
12/01/2018 12:00:00 AM,Age,81 - 90,10
01/01/2019 12:00:00 AM,HOME-STAT Clients,Total HOME-STAT Clients,"3,370"
01/01/2019 12:00:00 AM,Gender,Female,19.3
01/01/2019 12:00:00 AM,Gender,Male,79.9
01/01/2019 12:00:00 AM,Gender,Transgender,0.6
01/01/2019 12:00:00 AM,Gender,Unknown,0.1
01/01/2019 12:00:00 AM,Age,Under 21,26
01/01/2019 12:00:00 AM,Age,21 - 30,243
01/01/2019 12:00:00 AM,Age,31 - 40,459
01/01/2019 12:00:00 AM,Age,41 - 50,626
01/01/2019 12:00:00 AM,Age,51 - 60,"1,015"
01/01/2019 12:00:00 AM,Age,61 - 70,529
01/01/2019 12:00:00 AM,Age,71 - 80,123
01/01/2019 12:00:00 AM,Age,81 - 90,8
01/01/2019 12:00:00 AM,Age,Unknown,341
01/01/2019 12:00:00 AM,Special groups,Veterans,2.5
01/01/2019 12:00:00 AM,Location of HOME-STAT Clients,HOME-STAT clients on the street and other settings,"1,590"
01/01/2019 12:00:00 AM,Location of HOME-STAT Clients,HOME-STAT clients in transitional housing,"1,334"
01/01/2019 12:00:00 AM,Location of HOME-STAT Clients,HOME-STAT clients in permanent housing and receiving aftercare services,446
01/01/2019 12:00:00 AM,Placements of HOME-STAT Clients,HOME-STAT clients placed in settings other than transitional or permanent housing,64
01/01/2019 12:00:00 AM,Placements of HOME-STAT Clients,HOME-STAT clients placed in transitional housing,246
01/01/2019 12:00:00 AM,Placements of HOME-STAT Clients,HOME-STAT clients placed in permanent housing and receiving aftercare services,48
02/01/2019 12:00:00 AM,HOME-STAT Clients,Total HOME-STAT Clients,"3,598"
02/01/2019 12:00:00 AM,Gender,Female,18.8
02/01/2019 12:00:00 AM,Gender,Male,80.5
02/01/2019 12:00:00 AM,Gender,Transgender,0.5
02/01/2019 12:00:00 AM,Gender,Unknown,0.1
02/01/2019 12:00:00 AM,Age,Under 21,25
02/01/2019 12:00:00 AM,Age,21 - 30,262
02/01/2019 12:00:00 AM,Age,31 - 40,513
02/01/2019 12:00:00 AM,Age,41 - 50,670
02/01/2019 12:00:00 AM,Age,51 - 60,"1,063"
02/01/2019 12:00:00 AM,Age,61 - 70,551
02/01/2019 12:00:00 AM,Age,71 - 80,131
02/01/2019 12:00:00 AM,Age,81 - 90,11
02/01/2019 12:00:00 AM,Age,Unknown,372
02/01/2019 12:00:00 AM,Special groups,Veterans,2.5
02/01/2019 12:00:00 AM,Location of HOME-STAT Clients,HOME-STAT clients on the street and other settings,"1,796"
02/01/2019 12:00:00 AM,Location of HOME-STAT Clients,HOME-STAT clients in transitional housing,"1,354"
02/01/2019 12:00:00 AM,Location of HOME-STAT Clients,HOME-STAT clients in permanent housing and receiving aftercare services,448
02/01/2019 12:00:00 AM,Placements of HOME-STAT Clients,HOME-STAT clients placed in settings other than transitional or permanent housing,61
02/01/2019 12:00:00 AM,Placements of HOME-STAT Clients,HOME-STAT clients placed in transitional housing,236
02/01/2019 12:00:00 AM,Placements of HOME-STAT Clients,HOME-STAT clients placed in permanent housing and receiving aftercare services,38
03/01/2019 12:00:00 AM,HOME-STAT Clients,Total HOME-STAT Clients,"3,482"
03/01/2019 12:00:00 AM,Gender,Female,18.5
03/01/2019 12:00:00 AM,Gender,Male,80.9
03/01/2019 12:00:00 AM,Gender,Transgender,0.5
03/01/2019 12:00:00 AM,Gender,Unknown,0.1
03/01/2019 12:00:00 AM,Age,Under 21,19
03/01/2019 12:00:00 AM,Age,21 - 30,249
03/01/2019 12:00:00 AM,Age,31 - 40,472
03/01/2019 12:00:00 AM,Age,41 - 50,667
03/01/2019 12:00:00 AM,Age,51 - 60,"1,063"
03/01/2019 12:00:00 AM,Age,61 - 70,533
03/01/2019 12:00:00 AM,Age,71 - 80,124
03/01/2019 12:00:00 AM,Age,81 - 90,11
03/01/2019 12:00:00 AM,Age,Unknown,344
03/01/2019 12:00:00 AM,Special groups,Veterans,2.4
03/01/2019 12:00:00 AM,Location of HOME-STAT Clients,HOME-STAT clients on the street and other settings,"1,705"
03/01/2019 12:00:00 AM,Location of HOME-STAT Clients,HOME-STAT clients in transitional housing,"1,314"
03/01/2019 12:00:00 AM,Location of HOME-STAT Clients,HOME-STAT clients in permanent housing and receiving aftercare services,463
03/01/2019 12:00:00 AM,Placements of HOME-STAT Clients,HOME-STAT clients placed in settings other than transitional or permanent housing,63
03/01/2019 12:00:00 AM,Placements of HOME-STAT Clients,HOME-STAT clients placed in transitional housing,207
03/01/2019 12:00:00 AM,Placements of HOME-STAT Clients,HOME-STAT clients placed in permanent housing and receiving aftercare services,34
04/01/2019 12:00:00 AM,HOME-STAT Clients,Total HOME-STAT Clients,"3,306"
04/01/2019 12:00:00 AM,Gender,Female,18.3
04/01/2019 12:00:00 AM,Gender,Male,81
04/01/2019 12:00:00 AM,Gender,Transgender,0.5
04/01/2019 12:00:00 AM,Gender,Unknown,0.1
04/01/2019 12:00:00 AM,Age,Under 21,21
04/01/2019 12:00:00 AM,Age,21 - 30,230
04/01/2019 12:00:00 AM,Age,31 - 40,439
04/01/2019 12:00:00 AM,Age,41 - 50,630
04/01/2019 12:00:00 AM,Age,51 - 60,"1,029"
04/01/2019 12:00:00 AM,Age,61 - 70,524
04/01/2019 12:00:00 AM,Age,71 - 80,127
04/01/2019 12:00:00 AM,Age,81 - 90,11
04/01/2019 12:00:00 AM,Age,Unknown,295
04/01/2019 12:00:00 AM,Special groups,Veterans,2.5
04/01/2019 12:00:00 AM,Location of HOME-STAT Clients,HOME-STAT clients on the street and other settings,"1,565"
04/01/2019 12:00:00 AM,Location of HOME-STAT Clients,HOME-STAT clients in transitional housing,"1,284"
04/01/2019 12:00:00 AM,Location of HOME-STAT Clients,HOME-STAT clients in permanent housing and receiving aftercare services,457
04/01/2019 12:00:00 AM,Placements of HOME-STAT Clients,HOME-STAT clients placed in settings other than transitional or permanent housing,52
04/01/2019 12:00:00 AM,Placements of HOME-STAT Clients,HOME-STAT clients placed in transitional housing,198
04/01/2019 12:00:00 AM,Placements of HOME-STAT Clients,HOME-STAT clients placed in permanent housing and receiving aftercare services,42
05/01/2019 12:00:00 AM,HOME-STAT Clients,Total HOME-STAT Clients,"3,132"
05/01/2019 12:00:00 AM,Gender,Female,19.3
05/01/2019 12:00:00 AM,Gender,Male,80.1
05/01/2019 12:00:00 AM,Gender,Transgender,0.5
05/01/2019 12:00:00 AM,Gender,Unknown,0.1
05/01/2019 12:00:00 AM,Age,Under 21,21
05/01/2019 12:00:00 AM,Age,21 - 30,210
05/01/2019 12:00:00 AM,Age,31 - 40,428
05/01/2019 12:00:00 AM,Age,41 - 50,602
05/01/2019 12:00:00 AM,Age,51 - 60,964
05/01/2019 12:00:00 AM,Age,61 - 70,506
05/01/2019 12:00:00 AM,Age,71 - 80,120
05/01/2019 12:00:00 AM,Age,81 - 90,12
05/01/2019 12:00:00 AM,Age,Unknown,269
05/01/2019 12:00:00 AM,Special groups,Veterans,2.4
05/01/2019 12:00:00 AM,Location of HOME-STAT Clients,HOME-STAT clients on the street and other settings,"1,487"
05/01/2019 12:00:00 AM,Location of HOME-STAT Clients,HOME-STAT clients in transitional housing,"1,223"
05/01/2019 12:00:00 AM,Location of HOME-STAT Clients,HOME-STAT clients in permanent housing and receiving aftercare services,422
05/01/2019 12:00:00 AM,Placements of HOME-STAT Clients,HOME-STAT clients placed in settings other than transitional or permanent housing,26
05/01/2019 12:00:00 AM,Placements of HOME-STAT Clients,HOME-STAT clients placed in transitional housing,193
05/01/2019 12:00:00 AM,Placements of HOME-STAT Clients,HOME-STAT clients placed in permanent housing and receiving aftercare services,42
06/01/2019 12:00:00 AM,HOME-STAT Clients,Total HOME-STAT Clients,"3,084"
06/01/2019 12:00:00 AM,Gender,Female,19.2
06/01/2019 12:00:00 AM,Gender,Male,80.3
06/01/2019 12:00:00 AM,Gender,Transgender,0.4
06/01/2019 12:00:00 AM,Gender,Unknown,0.1
06/01/2019 12:00:00 AM,Age,Under 21,22
06/01/2019 12:00:00 AM,Age,21 - 30,199
06/01/2019 12:00:00 AM,Age,31 - 40,430
06/01/2019 12:00:00 AM,Age,41 - 50,580
06/01/2019 12:00:00 AM,Age,51 - 60,946
06/01/2019 12:00:00 AM,Age,61 - 70,511
06/01/2019 12:00:00 AM,Age,71 - 80,114
06/01/2019 12:00:00 AM,Age,81 - 90,13
06/01/2019 12:00:00 AM,Age,Unknown,269
06/01/2019 12:00:00 AM,Special groups,Veterans,2.3
06/01/2019 12:00:00 AM,Location of HOME-STAT Clients,HOME-STAT clients on the street and other settings,"1,273"
06/01/2019 12:00:00 AM,Location of HOME-STAT Clients,HOME-STAT clients in transitional housing,"1,412"
06/01/2019 12:00:00 AM,Location of HOME-STAT Clients,HOME-STAT clients in permanent housing and receiving aftercare services,399
06/01/2019 12:00:00 AM,Placements of HOME-STAT Clients,HOME-STAT clients placed in settings other than transitional or permanent housing,34
06/01/2019 12:00:00 AM,Placements of HOME-STAT Clients,HOME-STAT clients placed in transitional housing,179
06/01/2019 12:00:00 AM,Placements of HOME-STAT Clients,HOME-STAT clients placed in permanent housing and receiving aftercare services,23
07/01/2019 12:00:00 AM,HOME-STAT Clients,Total HOME-STAT Clients,"3,273"
07/01/2019 12:00:00 AM,Gender,Female,19
07/01/2019 12:00:00 AM,Gender,Male,80.3
07/01/2019 12:00:00 AM,Gender,Transgender,0.6
07/01/2019 12:00:00 AM,Gender,Unknown,0.2
07/01/2019 12:00:00 AM,Age,Under 21,28
07/01/2019 12:00:00 AM,Age,21 - 30,234
07/01/2019 12:00:00 AM,Age,31 - 40,490
07/01/2019 12:00:00 AM,Age,41 - 50,608
07/01/2019 12:00:00 AM,Age,51 - 60,978
07/01/2019 12:00:00 AM,Age,61 - 70,523
07/01/2019 12:00:00 AM,Age,71 - 80,124
07/01/2019 12:00:00 AM,Age,81 - 90,17
07/01/2019 12:00:00 AM,Age,Unknown,271
07/01/2019 12:00:00 AM,Special groups,Veterans,2.3
07/01/2019 12:00:00 AM,Location of HOME-STAT Clients,HOME-STAT clients on the street and other settings,"1,564"
07/01/2019 12:00:00 AM,Location of HOME-STAT Clients,HOME-STAT clients in transitional housing,"1,295"
07/01/2019 12:00:00 AM,Location of HOME-STAT Clients,HOME-STAT clients in permanent housing and receiving aftercare services,414
07/01/2019 12:00:00 AM,Placements of HOME-STAT Clients,HOME-STAT clients placed in settings other than transitional or permanent housing,34
07/01/2019 12:00:00 AM,Placements of HOME-STAT Clients,HOME-STAT clients placed in transitional housing,258
07/01/2019 12:00:00 AM,Placements of HOME-STAT Clients,HOME-STAT clients placed in permanent housing and receiving aftercare services,28
08/01/2019 12:00:00 AM,HOME-STAT Clients,Total HOME-STAT Clients,"3,377"
08/01/2019 12:00:00 AM,Gender,Female,18.6
08/01/2019 12:00:00 AM,Gender,Male,80.8
08/01/2019 12:00:00 AM,Gender,Transgender,0.6
08/01/2019 12:00:00 AM,Gender,Unknown,0.1
08/01/2019 12:00:00 AM,Age,Under 21,24
08/01/2019 12:00:00 AM,Age,21 - 30,262
08/01/2019 12:00:00 AM,Age,31 - 40,527
08/01/2019 12:00:00 AM,Age,41 - 50,623
08/01/2019 12:00:00 AM,Age,51 - 60,"1,007"
08/01/2019 12:00:00 AM,Age,61 - 70,528
08/01/2019 12:00:00 AM,Age,71 - 80,121
08/01/2019 12:00:00 AM,Age,81 - 90,14
08/01/2019 12:00:00 AM,Age,Unknown,271
08/01/2019 12:00:00 AM,Special groups,Veterans,2.3
08/01/2019 12:00:00 AM,Location of HOME-STAT Clients,HOME-STAT clients on the street and other settings,"1,652"
08/01/2019 12:00:00 AM,Location of HOME-STAT Clients,HOME-STAT clients in transitional housing,"1,331"
08/01/2019 12:00:00 AM,Location of HOME-STAT Clients,HOME-STAT clients in permanent housing and receiving aftercare services,394
08/01/2019 12:00:00 AM,Placements of HOME-STAT Clients,HOME-STAT clients placed in settings other than transitional or permanent housing,53
08/01/2019 12:00:00 AM,Placements of HOME-STAT Clients,HOME-STAT clients placed in transitional housing,249
08/01/2019 12:00:00 AM,Placements of HOME-STAT Clients,HOME-STAT clients placed in permanent housing and receiving aftercare services,32
09/01/2019 12:00:00 AM,HOME-STAT Clients,Total HOME-STAT Clients,"3,630"
09/01/2019 12:00:00 AM,Gender,Female,18.4
09/01/2019 12:00:00 AM,Gender,Male,80.9
09/01/2019 12:00:00 AM,Gender,Transgender,0.6
09/01/2019 12:00:00 AM,Gender,Unknown,0.1
09/01/2019 12:00:00 AM,Age,Under 21,27
09/01/2019 12:00:00 AM,Age,21 - 30,291
09/01/2019 12:00:00 AM,Age,31 - 40,578
09/01/2019 12:00:00 AM,Age,41 - 50,704
09/01/2019 12:00:00 AM,Age,51 - 60,"1,039"
09/01/2019 12:00:00 AM,Age,61 - 70,544
09/01/2019 12:00:00 AM,Age,71 - 80,123
09/01/2019 12:00:00 AM,Age,81 - 90,15
09/01/2019 12:00:00 AM,Age,Unknown,309
09/01/2019 12:00:00 AM,Special groups,Veterans,2.3
09/01/2019 12:00:00 AM,Location of HOME-STAT Clients,HOME-STAT clients on the street and other settings,"1,843"
09/01/2019 12:00:00 AM,Location of HOME-STAT Clients,HOME-STAT clients in transitional housing,"1,427"
09/01/2019 12:00:00 AM,Location of HOME-STAT Clients,HOME-STAT clients in permanent housing and receiving aftercare services,360
09/01/2019 12:00:00 AM,Placements of HOME-STAT Clients,HOME-STAT clients placed in settings other than transitional or permanent housing,61
09/01/2019 12:00:00 AM,Placements of HOME-STAT Clients,HOME-STAT clients placed in transitional housing,235
09/01/2019 12:00:00 AM,Placements of HOME-STAT Clients,HOME-STAT clients placed in permanent housing and receiving aftercare services,21
10/01/2019 12:00:00 AM,HOME-STAT Clients,Total HOME-STAT Clients,"3,882"
10/01/2019 12:00:00 AM,Gender,Female,18.4
10/01/2019 12:00:00 AM,Gender,Male,81.1
10/01/2019 12:00:00 AM,Gender,Transgender,0.4
10/01/2019 12:00:00 AM,Gender,Unknown,0.1
10/01/2019 12:00:00 AM,Age,Under 21,36
10/01/2019 12:00:00 AM,Age,21 - 30,304
10/01/2019 12:00:00 AM,Age,31 - 40,628
10/01/2019 12:00:00 AM,Age,41 - 50,760
10/01/2019 12:00:00 AM,Age,51 - 60,"1,093"
10/01/2019 12:00:00 AM,Age,61 - 70,593
10/01/2019 12:00:00 AM,Age,71 - 80,123
10/01/2019 12:00:00 AM,Age,81 - 90,13
10/01/2019 12:00:00 AM,Age,Unknown,332
10/01/2019 12:00:00 AM,Special groups,Veterans,2.3
10/01/2019 12:00:00 AM,Location of HOME-STAT Clients,HOME-STAT clients on the street and other settings,"2,026"
10/01/2019 12:00:00 AM,Location of HOME-STAT Clients,HOME-STAT clients in transitional housing,"1,469"
10/01/2019 12:00:00 AM,Location of HOME-STAT Clients,HOME-STAT clients in permanent housing and receiving aftercare services,387
10/01/2019 12:00:00 AM,Placements of HOME-STAT Clients,HOME-STAT clients placed in settings other than transitional or permanent housing,82
10/01/2019 12:00:00 AM,Placements of HOME-STAT Clients,HOME-STAT clients placed in transitional housing,303
10/01/2019 12:00:00 AM,Placements of HOME-STAT Clients,HOME-STAT clients placed in permanent housing and receiving aftercare services,31
11/01/2019 12:00:00 AM,HOME-STAT Clients,Total HOME-STAT Clients,"4,105"
11/01/2019 12:00:00 AM,Gender,Female,17.8
11/01/2019 12:00:00 AM,Gender,Male,81.5
11/01/2019 12:00:00 AM,Gender,Transgender,0.5
11/01/2019 12:00:00 AM,Gender,Unknown,0.2
11/01/2019 12:00:00 AM,Age,Under 21,31
11/01/2019 12:00:00 AM,Age,21 - 30,324
11/01/2019 12:00:00 AM,Age,31 - 40,672
11/01/2019 12:00:00 AM,Age,41 - 50,824
11/01/2019 12:00:00 AM,Age,51 - 60,"1,160"
11/01/2019 12:00:00 AM,Age,61 - 70,619
11/01/2019 12:00:00 AM,Age,71 - 80,137
11/01/2019 12:00:00 AM,Age,81 - 90,16
11/01/2019 12:00:00 AM,Age,Unknown,322
11/01/2019 12:00:00 AM,Special groups,Veterans,2.2
11/01/2019 12:00:00 AM,Location of HOME-STAT Clients,HOME-STAT clients on the street and other settings,"2,245"
11/01/2019 12:00:00 AM,Location of HOME-STAT Clients,HOME-STAT clients in transitional housing,"1,472"
11/01/2019 12:00:00 AM,Location of HOME-STAT Clients,HOME-STAT clients in permanent housing and receiving aftercare services,388
11/01/2019 12:00:00 AM,Placements of HOME-STAT Clients,HOME-STAT clients placed in settings other than transitional or permanent housing,75
11/01/2019 12:00:00 AM,Placements of HOME-STAT Clients,HOME-STAT clients placed in transitional housing,262
11/01/2019 12:00:00 AM,Placements of HOME-STAT Clients,HOME-STAT clients placed in permanent housing and receiving aftercare services,28
12/01/2019 12:00:00 AM,HOME-STAT Clients,Total HOME-STAT Clients,"4,480"
12/01/2019 12:00:00 AM,Gender,Female,17.7
12/01/2019 12:00:00 AM,Gender,Male,81.5
12/01/2019 12:00:00 AM,Gender,Transgender,0.6
12/01/2019 12:00:00 AM,Gender,Unknown,0.2
12/01/2019 12:00:00 AM,Age,Under 21,44
12/01/2019 12:00:00 AM,Age,21 - 30,374
12/01/2019 12:00:00 AM,Age,31 - 40,769
12/01/2019 12:00:00 AM,Age,41 - 50,907
12/01/2019 12:00:00 AM,Age,51 - 60,"1,223"
12/01/2019 12:00:00 AM,Age,61 - 70,660
12/01/2019 12:00:00 AM,Age,71 - 80,147
12/01/2019 12:00:00 AM,Age,81 - 90,18
12/01/2019 12:00:00 AM,Age,Unknown,338
12/01/2019 12:00:00 AM,Special groups,Veterans,2.2
12/01/2019 12:00:00 AM,Location of HOME-STAT Clients,HOME-STAT clients on the street and other settings,"2,505"
12/01/2019 12:00:00 AM,Location of HOME-STAT Clients,HOME-STAT clients in transitional housing,"1,586"
12/01/2019 12:00:00 AM,Location of HOME-STAT Clients,HOME-STAT clients in permanent housing and receiving aftercare services,389
12/01/2019 12:00:00 AM,Placements of HOME-STAT Clients,HOME-STAT clients placed in settings other than transitional or permanent housing,117
12/01/2019 12:00:00 AM,Placements of HOME-STAT Clients,HOME-STAT clients placed in transitional housing,385
12/01/2019 12:00:00 AM,Placements of HOME-STAT Clients,HOME-STAT clients placed in permanent housing and receiving aftercare services,42
01/01/2020 12:00:00 AM,HOME-STAT Clients,Total HOME-STAT Clients,"4,916"
01/01/2020 12:00:00 AM,Gender,Gender X,0
01/01/2020 12:00:00 AM,Gender,Female,16.8
01/01/2020 12:00:00 AM,Gender,Male,82.3
01/01/2020 12:00:00 AM,Gender,Transgender,0.7
01/01/2020 12:00:00 AM,Gender,Unknown,0.2
01/01/2020 12:00:00 AM,Age,Under 21,49
01/01/2020 12:00:00 AM,Age,21 - 30,437
01/01/2020 12:00:00 AM,Age,31 - 40,869
01/01/2020 12:00:00 AM,Age,41 - 50,998
01/01/2020 12:00:00 AM,Age,51 - 60,"1,289"
01/01/2020 12:00:00 AM,Age,61 - 70,713
01/01/2020 12:00:00 AM,Age,71 - 80,147
01/01/2020 12:00:00 AM,Age,81 - 90,21
01/01/2020 12:00:00 AM,Age,Unknown,393
01/01/2020 12:00:00 AM,Special groups,Veterans,2.3
01/01/2020 12:00:00 AM,Location of HOME-STAT Clients,HOME-STAT clients on the street and other settings,"2,768"
01/01/2020 12:00:00 AM,Location of HOME-STAT Clients,HOME-STAT clients in transitional housing,"1,752"
01/01/2020 12:00:00 AM,Location of HOME-STAT Clients,HOME-STAT clients in permanent housing and receiving aftercare services,396
01/01/2020 12:00:00 AM,Placements of HOME-STAT Clients,HOME-STAT clients placed in settings other than transitional or permanent housing,108
01/01/2020 12:00:00 AM,Placements of HOME-STAT Clients,HOME-STAT clients placed in transitional housing,495
01/01/2020 12:00:00 AM,Placements of HOME-STAT Clients,HOME-STAT clients placed in permanent housing and receiving aftercare services,37
